{
  "type": "FeatureCollection",
  "name": "jabodetabek-transjakarta-network",
  "features": [
    {
      "type": "Feature",
      "properties": {
        "system": "transjakarta",
        "name": "Koridor 1 Blok M \u2013 Kota",
        "id": "tj-1"
      },
      "geometry": {
        "type": "LineString",
        "coordinates": [
          [106.81133, -6.13538],
          [106.81107, -6.13435],
          [106.81111, -6.13427],
          [106.8112, -6.13421],
          [106.81161, -6.13412],
          [106.81292, -6.13373],
          [106.81456, -6.13318],
          [106.81458, -6.13325],
          [106.81515, -6.1331],
          [106.81554, -6.13296],
          [106.81552, -6.13287],
          [106.81461, -6.13311],
          [106.81437, -6.13317],
          [106.81212, -6.13383],
          [106.81112, -6.13413],
          [106.81089, -6.13417],
          [106.80996, -6.13445],
          [106.80921, -6.13176],
          [106.80914, -6.13158],
          [106.80917, -6.13138],
          [106.80919, -6.13135],
          [106.80961, -6.13122],
          [106.8102, -6.13107],
          [106.81059, -6.13107],
          [106.81065, -6.13108],
          [106.81082, -6.13119],
          [106.81116, -6.1311],
          [106.812, -6.13083],
          [106.81222, -6.13149],
          [106.81234, -6.13191],
          [106.81252, -6.13244],
          [106.81285, -6.1336],
          [106.81453, -6.1331],
          [106.81461, -6.13311],
          [106.81552, -6.13287],
          [106.81554, -6.13296],
          [106.81515, -6.1331],
          [106.81458, -6.13325],
          [106.8149, -6.13435],
          [106.81496, -6.13463],
          [106.81512, -6.13519],
          [106.8155, -6.13641],
          [106.81551, -6.13651],
          [106.81549, -6.13662],
          [106.81545, -6.1367],
          [106.81488, -6.13687],
          [106.81481, -6.13689],
          [106.81471, -6.13696],
          [106.81423, -6.13708],
          [106.81406, -6.1372],
          [106.81367, -6.13733],
          [106.81362, -6.13736],
          [106.81358, -6.13745],
          [106.81357, -6.13751],
          [106.81382, -6.1383],
          [106.8139, -6.13832],
          [106.813914, -6.13832],
          [106.815639, -6.144504],
          [106.81685, -6.14927],
          [106.816982, -6.149853],
          [106.816965, -6.149958],
          [106.816829, -6.15],
          [106.816765, -6.150039],
          [106.816756, -6.15018],
          [106.817473, -6.153254],
          [106.817903, -6.155296],
          [106.818323, -6.155646],
          [106.81868, -6.15737],
          [106.81877, -6.15776],
          [106.81881, -6.15784],
          [106.81923, -6.15964],
          [106.81958, -6.16092],
          [106.81971, -6.16148],
          [106.81972, -6.16158],
          [106.81984, -6.16208],
          [106.81998, -6.16276],
          [106.82015, -6.16355],
          [106.82084, -6.16699],
          [106.82103, -6.16769],
          [106.82113, -6.16812],
          [106.82151, -6.16992],
          [106.82158, -6.1701],
          [106.8218, -6.17043],
          [106.82202, -6.17071],
          [106.82222, -6.17088],
          [106.82232, -6.17095],
          [106.82286, -6.17114],
          [106.82298, -6.17125],
          [106.82302, -6.17131],
          [106.82309, -6.17146],
          [106.82312, -6.17159],
          [106.82315, -6.17203],
          [106.82304, -6.17626],
          [106.82298, -6.17868],
          [106.82295, -6.17973],
          [106.82297, -6.17987],
          [106.82308, -6.18041],
          [106.82317, -6.18056],
          [106.82317, -6.1807],
          [106.82312, -6.18082],
          [106.82305, -6.1809],
          [106.82302, -6.18114],
          [106.82307, -6.18186],
          [106.82311, -6.18269],
          [106.82315, -6.18328],
          [106.82315, -6.18403],
          [106.82317, -6.18483],
          [106.82326, -6.18483],
          [106.82317, -6.18483],
          [106.8232, -6.18612],
          [106.82311, -6.18827],
          [106.82306, -6.18982],
          [106.82305, -6.19068],
          [106.82309, -6.19256],
          [106.8231, -6.1936],
          [106.82311, -6.19377],
          [106.82316, -6.19412],
          [106.8232, -6.19426],
          [106.82347, -6.19468],
          [106.82354, -6.19484],
          [106.82356, -6.19496],
          [106.82355, -6.19508],
          [106.82351, -6.19522],
          [106.82343, -6.19533],
          [106.8233, -6.19544],
          [106.82319, -6.19569],
          [106.82321, -6.19695],
          [106.82328, -6.19944],
          [106.82329, -6.20014],
          [106.82327, -6.20058],
          [106.82322, -6.20116],
          [106.82272, -6.20327],
          [106.82251, -6.20434],
          [106.82244, -6.20476],
          [106.82235, -6.20564],
          [106.82235, -6.20565],
          [106.82214, -6.20764],
          [106.82191, -6.20882],
          [106.82182, -6.20918],
          [106.82139, -6.21017],
          [106.82041, -6.21205],
          [106.820124, -6.212552],
          [106.82012, -6.21256],
          [106.81991, -6.21293],
          [106.81953, -6.21353],
          [106.81921, -6.21392],
          [106.81875, -6.21441],
          [106.81857, -6.21452],
          [106.81785, -6.21522],
          [106.81635, -6.21644],
          [106.815345, -6.217236],
          [106.81534, -6.21724],
          [106.81509, -6.21745],
          [106.81504, -6.21758],
          [106.81469, -6.21783],
          [106.81447, -6.21802],
          [106.81433, -6.21823],
          [106.8137, -6.2203],
          [106.81366, -6.22047],
          [106.81364, -6.2207],
          [106.81365, -6.2208],
          [106.81372, -6.22103],
          [106.814197, -6.221756],
          [106.8142, -6.22176],
          [106.81457, -6.22232],
          [106.81479, -6.22261],
          [106.81527, -6.22322],
          [106.81634, -6.22478],
          [106.81704, -6.22589],
          [106.81743, -6.22646],
          [106.817431, -6.226461],
          [106.81903, -6.22877],
          [106.81948, -6.22928],
          [106.82005, -6.23012],
          [106.82133, -6.23211],
          [106.82165, -6.23255],
          [106.82204, -6.23299],
          [106.8222, -6.23313],
          [106.82259, -6.23343],
          [106.82278, -6.23357],
          [106.82356, -6.23408],
          [106.82497, -6.23508],
          [106.82505, -6.23509],
          [106.82523, -6.2352],
          [106.82545, -6.23528],
          [106.82568, -6.23542],
          [106.82601, -6.23565],
          [106.82658, -6.236],
          [106.82664, -6.23619],
          [106.82665, -6.23628],
          [106.82663, -6.23634],
          [106.8266, -6.2364],
          [106.82651, -6.23645],
          [106.82632, -6.23647],
          [106.82506, -6.23564],
          [106.82401, -6.23493],
          [106.82362, -6.23468],
          [106.82333, -6.23454],
          [106.82281, -6.23421],
          [106.82245, -6.23394],
          [106.82203, -6.23357],
          [106.822028, -6.233568],
          [106.82203, -6.23357],
          [106.82182, -6.23337],
          [106.82138, -6.23291],
          [106.82123, -6.23272],
          [106.82089, -6.2322],
          [106.82059, -6.2318],
          [106.8199, -6.2308],
          [106.81943, -6.23007],
          [106.81895, -6.22938],
          [106.81867, -6.22894],
          [106.81762, -6.22748],
          [106.817618, -6.227477],
          [106.81762, -6.22748],
          [106.81678, -6.2263],
          [106.81576, -6.22476],
          [106.81536, -6.22421],
          [106.81492, -6.22359],
          [106.81445, -6.22284],
          [106.81409, -6.22232],
          [106.81409, -6.22232],
          [106.81341, -6.22132],
          [106.81318, -6.22115],
          [106.81296, -6.22106],
          [106.81279, -6.22102],
          [106.81261, -6.22099],
          [106.81223, -6.22097],
          [106.81126, -6.22088],
          [106.81106, -6.22088],
          [106.81074, -6.22099],
          [106.81026, -6.22133],
          [106.80908, -6.2222],
          [106.80855, -6.22257],
          [106.80768, -6.22312],
          [106.80676, -6.22373],
          [106.80623, -6.22409],
          [106.805826, -6.224376],
          [106.80582, -6.22438],
          [106.80145, -6.22766],
          [106.80121, -6.22782],
          [106.80096, -6.228012],
          [106.80095, -6.22802],
          [106.80056, -6.22831],
          [106.79989, -6.22885],
          [106.7998, -6.22897],
          [106.79978, -6.22905],
          [106.79978, -6.22914],
          [106.7998, -6.22926],
          [106.79978, -6.22932],
          [106.79969, -6.22947],
          [106.79964, -6.22953],
          [106.79959, -6.22958],
          [106.79936, -6.22973],
          [106.79921, -6.22988],
          [106.79897, -6.23031],
          [106.7988, -6.23076],
          [106.79867, -6.23118],
          [106.79859, -6.23163],
          [106.79857, -6.23258],
          [106.79858, -6.23301],
          [106.79855, -6.236478],
          [106.79855, -6.23648],
          [106.79853, -6.23767],
          [106.79853, -6.23954],
          [106.79855, -6.23981],
          [106.79856, -6.240459],
          [106.79856, -6.24046],
          [106.79857, -6.242104],
          [106.798571, -6.242497],
          [106.798968, -6.242851],
          [106.79919, -6.243069],
          [106.799504, -6.243237],
          [106.799883, -6.243362],
          [106.801721, -6.243341]
        ]
      }
    },
    {
      "type": "Feature",
      "properties": {
        "system": "transjakarta",
        "name": "Koridor 10 Tanjung Priok \u2013 PGC",
        "id": "tj-10"
      },
      "geometry": {
        "type": "LineString",
        "coordinates": [
          [106.865683, -6.261892],
          [106.86568, -6.26187],
          [106.8653, -6.26186],
          [106.86515, -6.26187],
          [106.86499, -6.26191],
          [106.86464, -6.26204],
          [106.86447, -6.26212],
          [106.86478, -6.26262],
          [106.865, -6.26289],
          [106.86515, -6.26301],
          [106.86545, -6.26307],
          [106.86568, -6.26307],
          [106.86583, -6.26302],
          [106.86955, -6.25817],
          [106.86984, -6.25775],
          [106.869845, -6.257742],
          [106.86984, -6.25775],
          [106.87017, -6.25725],
          [106.87059, -6.25654],
          [106.87086, -6.25608],
          [106.87107, -6.25567],
          [106.87147, -6.25468],
          [106.87203, -6.25314],
          [106.87224, -6.25264],
          [106.87256, -6.25195],
          [106.87301, -6.25114],
          [106.87349, -6.25024],
          [106.873493, -6.250233],
          [106.87349, -6.25024],
          [106.87368, -6.24983],
          [106.87384, -6.24959],
          [106.87393, -6.24939],
          [106.87441, -6.24829],
          [106.87474, -6.24759],
          [106.87504, -6.24687],
          [106.87544, -6.24588],
          [106.875952, -6.244715],
          [106.87595, -6.24472],
          [106.87617, -6.2442],
          [106.87619, -6.2441],
          [106.87618, -6.24396],
          [106.87704, -6.24193],
          [106.87729, -6.24129],
          [106.8775, -6.24069],
          [106.8777, -6.23999],
          [106.87784, -6.23957],
          [106.87794, -6.23909],
          [106.877941, -6.23908],
          [106.876149, -6.231696],
          [106.87615, -6.2317],
          [106.87555, -6.22909],
          [106.87532, -6.22817],
          [106.8745, -6.22523],
          [106.87433, -6.22453],
          [106.87427, -6.2241],
          [106.87424, -6.22364],
          [106.87433, -6.2226],
          [106.87433, -6.22016],
          [106.87433, -6.220159],
          [106.87433, -6.22016],
          [106.87433, -6.21961],
          [106.87428, -6.21866],
          [106.87416, -6.21543],
          [106.87416, -6.215422],
          [106.87416, -6.21543],
          [106.87374, -6.20589],
          [106.8737, -6.20553],
          [106.873699, -6.205525],
          [106.8737, -6.20553],
          [106.87364, -6.20509],
          [106.87335, -6.20382],
          [106.87322, -6.20288],
          [106.87318, -6.20221],
          [106.87319, -6.20169],
          [106.87322, -6.20107],
          [106.87335, -6.20031],
          [106.87349, -6.19961],
          [106.87374, -6.19861],
          [106.87398, -6.19754],
          [106.87398, -6.197538],
          [106.87398, -6.19754],
          [106.87407, -6.19711],
          [106.87424, -6.19612],
          [106.87474, -6.19353],
          [106.87489, -6.19282],
          [106.874891, -6.192814],
          [106.87489, -6.19282],
          [106.87504, -6.19203],
          [106.87517, -6.1911],
          [106.87526, -6.1902],
          [106.8753, -6.18948],
          [106.8753, -6.18864],
          [106.87534, -6.18748],
          [106.87534, -6.187472],
          [106.87534, -6.18748],
          [106.87542, -6.18601],
          [106.87553, -6.18293],
          [106.87565, -6.18145],
          [106.87566, -6.18102],
          [106.87574, -6.17964],
          [106.87584, -6.17869],
          [106.87596, -6.17699],
          [106.87596, -6.176986],
          [106.87596, -6.17699],
          [106.87603, -6.1761],
          [106.87615, -6.17524],
          [106.87641, -6.17423],
          [106.876411, -6.174225],
          [106.87641, -6.17423],
          [106.87734, -6.17066],
          [106.8778, -6.1691],
          [106.87808, -6.16807],
          [106.87846, -6.16708],
          [106.87912, -6.16589],
          [106.879124, -6.165884],
          [106.87912, -6.16589],
          [106.88028, -6.1641],
          [106.88098, -6.16299],
          [106.88162, -6.16203],
          [106.881624, -6.162024],
          [106.88162, -6.16203],
          [106.88184, -6.16169],
          [106.88328, -6.15932],
          [106.88524, -6.15606],
          [106.88575, -6.15524],
          [106.88686, -6.15337],
          [106.88809, -6.15137],
          [106.88847, -6.15066],
          [106.88952, -6.14826],
          [106.88983, -6.14711],
          [106.89043, -6.1444],
          [106.89071, -6.14293],
          [106.89071, -6.142929],
          [106.89071, -6.14293],
          [106.89087, -6.14212],
          [106.89203, -6.13731],
          [106.89218, -6.13658],
          [106.89233, -6.13592],
          [106.89241, -6.13551],
          [106.89242, -6.13529],
          [106.89242, -6.13501],
          [106.89237, -6.13468],
          [106.89228, -6.13429],
          [106.89225, -6.1339],
          [106.8923, -6.13353],
          [106.89242, -6.13312],
          [106.89281, -6.13233],
          [106.89333, -6.13099],
          [106.89355, -6.13031],
          [106.8936, -6.13],
          [106.89365, -6.12966],
          [106.89367, -6.12927],
          [106.89363, -6.12851],
          [106.89363, -6.1285],
          [106.89359, -6.12747],
          [106.8935, -6.12608],
          [106.89349, -6.12544],
          [106.89341, -6.12322],
          [106.89336, -6.12317],
          [106.89326, -6.12131],
          [106.89323, -6.12091],
          [106.89317, -6.12077],
          [106.89312, -6.11912],
          [106.8931, -6.11885],
          [106.8931, -6.118846],
          [106.8931, -6.11885],
          [106.89306, -6.11695],
          [106.893, -6.11576],
          [106.89297, -6.11417],
          [106.89297, -6.114163],
          [106.89297, -6.11417],
          [106.89299, -6.11276],
          [106.89298, -6.112],
          [106.89295, -6.11195],
          [106.89294, -6.11189],
          [106.89297, -6.111],
          [106.89302, -6.11056],
          [106.89304, -6.1105],
          [106.89305, -6.11018],
          [106.892405, -6.11016],
          [106.8924, -6.11016],
          [106.88984, -6.11009],
          [106.88772, -6.11002],
          [106.88484, -6.10993],
          [106.88369, -6.10988],
          [106.88287, -6.10988],
          [106.88278, -6.10993],
          [106.88262, -6.11016],
          [106.88252, -6.11028],
          [106.88244, -6.11034],
          [106.88227, -6.1104],
          [106.88218, -6.11039],
          [106.88209, -6.11036],
          [106.8818, -6.11011],
          [106.88168, -6.11006],
          [106.88162, -6.11006],
          [106.88154, -6.11008],
          [106.88119, -6.11028],
          [106.88112, -6.1103],
          [106.88106, -6.11029],
          [106.88064, -6.10984],
          [106.88047, -6.10976],
          [106.88059, -6.10965],
          [106.88066, -6.10955],
          [106.88074, -6.1095],
          [106.88093, -6.10946],
          [106.88141, -6.10944],
          [106.88215, -6.10945]
        ]
      }
    },
    {
      "type": "Feature",
      "properties": {
        "system": "transjakarta",
        "name": "Koridor 11 Pulo Gebang \u2013 Kampung Melayu",
        "id": "tj-11"
      },
      "geometry": {
        "type": "LineString",
        "coordinates": [
          [106.953206, -6.213187],
          [106.95278, -6.213411],
          [106.952704, -6.213055],
          [106.952721, -6.212732],
          [106.952668, -6.212614],
          [106.952514, -6.212485],
          [106.952775, -6.21241],
          [106.953206, -6.2122],
          [106.953235, -6.212088],
          [106.953222, -6.211974],
          [106.953099, -6.211758],
          [106.953006, -6.211683],
          [106.953025, -6.211621],
          [106.953322, -6.211487],
          [106.953456, -6.211239],
          [106.953458, -6.211025],
          [106.953439, -6.210913],
          [106.953406, -6.210838],
          [106.953315, -6.210781],
          [106.952877, -6.210922],
          [106.952782, -6.210897],
          [106.95263, -6.210588],
          [106.952389, -6.210195],
          [106.951896, -6.210419],
          [106.95099, -6.21092],
          [106.95109, -6.21112],
          [106.95115, -6.21127],
          [106.95118, -6.21142],
          [106.95126, -6.21158],
          [106.9514, -6.21173],
          [106.95146, -6.21182],
          [106.9519, -6.21267],
          [106.95211, -6.2132],
          [106.95266, -6.21528],
          [106.95278, -6.21594],
          [106.953, -6.21694],
          [106.95325, -6.21867],
          [106.95324, -6.21883],
          [106.95321, -6.21886],
          [106.95311, -6.21893],
          [106.95258, -6.21886],
          [106.95245, -6.21716],
          [106.95237, -6.21656],
          [106.95225, -6.21589],
          [106.95221, -6.2157],
          [106.95219, -6.21554],
          [106.95201, -6.2149],
          [106.95196, -6.21483],
          [106.95188, -6.21462],
          [106.95157, -6.21403],
          [106.95121, -6.21326],
          [106.95094, -6.21263],
          [106.95077, -6.21229],
          [106.95048, -6.21175],
          [106.95029, -6.21158],
          [106.95003, -6.21149],
          [106.94946, -6.21179],
          [106.94936, -6.21182],
          [106.94925, -6.21182],
          [106.94903, -6.21173],
          [106.94879, -6.21163],
          [106.94862, -6.21161],
          [106.94855, -6.21162],
          [106.94837, -6.21169],
          [106.94795, -6.21194],
          [106.94746, -6.21215],
          [106.94717, -6.2122],
          [106.94637, -6.21244],
          [106.94567, -6.2126],
          [106.945353, -6.21262],
          [106.94535, -6.21262],
          [106.94344, -6.21256],
          [106.94276, -6.21258],
          [106.94208, -6.21254],
          [106.94192, -6.21252],
          [106.9415, -6.21255],
          [106.94028, -6.21253],
          [106.94016, -6.21258],
          [106.93998, -6.21272],
          [106.93978, -6.21291],
          [106.93973, -6.21302],
          [106.93971, -6.21316],
          [106.93969, -6.21361],
          [106.939718, -6.214205],
          [106.93969, -6.21421],
          [106.93966, -6.21519],
          [106.93948, -6.21644],
          [106.93938, -6.21684],
          [106.9392, -6.21715],
          [106.938962, -6.217407],
          [106.93895, -6.21742],
          [106.93872, -6.21756],
          [106.93852, -6.21763],
          [106.93826, -6.21769],
          [106.93792, -6.21768],
          [106.93556, -6.21742],
          [106.93477, -6.21727],
          [106.93278, -6.21698],
          [106.930535, -6.216731],
          [106.924415, -6.215999],
          [106.92441, -6.21607],
          [106.92398, -6.21602],
          [106.92372, -6.21598],
          [106.92298, -6.21582],
          [106.917677, -6.215171],
          [106.911881, -6.21436],
          [106.91604, -6.21487],
          [106.92072, -6.21544],
          [106.92071, -6.21555],
          [106.91785, -6.2152],
          [106.91116, -6.21438],
          [106.90924, -6.21412],
          [106.90836, -6.21403],
          [106.90679, -6.2138],
          [106.90547, -6.21368],
          [106.90507, -6.21366],
          [106.903084, -6.21365],
          [106.90308, -6.21365],
          [106.90167, -6.21367],
          [106.898643, -6.21356],
          [106.89864, -6.21356],
          [106.89589, -6.21346],
          [106.89273, -6.2134],
          [106.89214, -6.2134],
          [106.89166, -6.21341],
          [106.89076, -6.2135],
          [106.89004, -6.21366],
          [106.889906, -6.213708],
          [106.8899, -6.21371],
          [106.88846, -6.21413],
          [106.88792, -6.21427],
          [106.88769, -6.21437],
          [106.8874, -6.21443],
          [106.88669, -6.21446],
          [106.88478, -6.21458],
          [106.88443, -6.21459],
          [106.8823, -6.2147],
          [106.88229, -6.2147],
          [106.87822, -6.214949],
          [106.87821, -6.21495],
          [106.87677, -6.21505],
          [106.873556, -6.21522],
          [106.87355, -6.21522],
          [106.871925, -6.21527],
          [106.87192, -6.21527],
          [106.87123, -6.21531],
          [106.87098, -6.21534],
          [106.87041, -6.21546],
          [106.87029, -6.21547],
          [106.86991, -6.21543],
          [106.86964, -6.21544],
          [106.86938, -6.21549],
          [106.86803, -6.21564],
          [106.86803, -6.21565],
          [106.86703, -6.21573],
          [106.86686, -6.21572],
          [106.866691, -6.21568],
          [106.86669, -6.21568],
          [106.86652, -6.21564],
          [106.86645, -6.21566],
          [106.86642, -6.2157],
          [106.8664, -6.21575],
          [106.86673, -6.21633],
          [106.86702, -6.21689],
          [106.86768, -6.21877],
          [106.8681, -6.22003],
          [106.86816, -6.22024],
          [106.86814, -6.22146],
          [106.86814, -6.22147],
          [106.86812, -6.22276],
          [106.8681, -6.22306],
          [106.86806, -6.22327],
          [106.86759, -6.22428],
          [106.867555, -6.224333],
          [106.867378, -6.22454],
          [106.86706, -6.2246]
        ]
      }
    },
    {
      "type": "Feature",
      "properties": {
        "system": "transjakarta",
        "name": "Koridor 12 Pluit \u2013 Tanjung Priok",
        "id": "tj-12"
      },
      "geometry": {
        "type": "LineString",
        "coordinates": [
          [106.791249, -6.11571],
          [106.79124, -6.11571],
          [106.793795, -6.115656],
          [106.794357, -6.11566],
          [106.794323, -6.115967],
          [106.7942, -6.117303],
          [106.794147, -6.11769],
          [106.793516, -6.117698],
          [106.79212, -6.11773],
          [106.79214, -6.118377],
          [106.79214, -6.11838],
          [106.79221, -6.12222],
          [106.79223, -6.12463],
          [106.79221, -6.12499],
          [106.79225, -6.12518],
          [106.79227, -6.12522],
          [106.79231, -6.12524],
          [106.79237, -6.12525],
          [106.79339, -6.1248],
          [106.79358, -6.12475],
          [106.79455, -6.12473],
          [106.79544, -6.12473],
          [106.79558, -6.12474],
          [106.79591, -6.12482],
          [106.79737, -6.12524],
          [106.79804, -6.12526],
          [106.79971, -6.12523],
          [106.80085, -6.12522],
          [106.80238, -6.12516],
          [106.80269, -6.12516],
          [106.80386, -6.12509],
          [106.80398, -6.12513],
          [106.80402, -6.12519],
          [106.80409, -6.12554],
          [106.80432, -6.12619],
          [106.80452, -6.12688],
          [106.804799, -6.127938],
          [106.8048, -6.12794],
          [106.80498, -6.12869],
          [106.80515, -6.12922],
          [106.80519, -6.12949],
          [106.80535, -6.13021],
          [106.80563, -6.13128],
          [106.80578, -6.13182],
          [106.80598, -6.13233],
          [106.80604, -6.13257],
          [106.80604, -6.132571],
          [106.806692, -6.1352],
          [106.807001, -6.135203],
          [106.809841, -6.13449],
          [106.809987, -6.134422],
          [106.809152, -6.131539],
          [106.80919, -6.131344],
          [106.810157, -6.131066],
          [106.810248, -6.131105],
          [106.810503, -6.132114],
          [106.810991, -6.134051],
          [106.811108, -6.134152],
          [106.811247, -6.134174],
          [106.81214, -6.133882],
          [106.814497, -6.133172],
          [106.81553, -6.136533],
          [106.815391, -6.136704],
          [106.814888, -6.136868],
          [106.813653, -6.137347],
          [106.81365, -6.13735],
          [106.81358, -6.13745],
          [106.81357, -6.13751],
          [106.81382, -6.1383],
          [106.8139, -6.13832],
          [106.81401, -6.13833],
          [106.81418, -6.13832],
          [106.81452, -6.13826],
          [106.81679, -6.13769],
          [106.81792, -6.13751],
          [106.817927, -6.137509],
          [106.81792, -6.13751],
          [106.81912, -6.13728],
          [106.82107, -6.13679],
          [106.82149, -6.13671],
          [106.82294, -6.1365],
          [106.82394, -6.13634],
          [106.82599, -6.13603],
          [106.825991, -6.13603],
          [106.82673, -6.13593],
          [106.82812, -6.1357],
          [106.82881, -6.13554],
          [106.82962, -6.1353],
          [106.83081, -6.13489],
          [106.83116, -6.13478],
          [106.83153, -6.1347],
          [106.83178, -6.13465],
          [106.83199, -6.13477],
          [106.83245, -6.1368],
          [106.83245, -6.1368],
          [106.83313, -6.13981],
          [106.83407, -6.14431],
          [106.83433, -6.14535],
          [106.83437, -6.14563],
          [106.83438, -6.14624],
          [106.83437, -6.146732],
          [106.83437, -6.14674],
          [106.83436, -6.14709],
          [106.83438, -6.14722],
          [106.83449, -6.14768],
          [106.83493, -6.14922],
          [106.83557, -6.15171],
          [106.83586, -6.15293],
          [106.83644, -6.15528],
          [106.83722, -6.15833],
          [106.83725, -6.15832],
          [106.83722, -6.15833],
          [106.83742, -6.15905],
          [106.83878, -6.15857],
          [106.8402, -6.15818],
          [106.84075, -6.15806],
          [106.84275, -6.15749],
          [106.84331, -6.15731],
          [106.84341, -6.15723],
          [106.84369, -6.15716],
          [106.84384, -6.15708],
          [106.84389, -6.15703],
          [106.84391, -6.15699],
          [106.84391, -6.15691],
          [106.84384, -6.15655],
          [106.84379, -6.15623],
          [106.84358, -6.15547],
          [106.84359, -6.15532],
          [106.84361, -6.15526],
          [106.84388, -6.1549],
          [106.84401, -6.15466],
          [106.8446, -6.15386],
          [106.84467, -6.15379],
          [106.84495, -6.15357],
          [106.84523, -6.15339],
          [106.84533, -6.15335],
          [106.84583, -6.15327],
          [106.8466, -6.15321],
          [106.84667, -6.15324],
          [106.84685, -6.15326],
          [106.84838, -6.15302],
          [106.84894, -6.15294],
          [106.85216, -6.15243],
          [106.854225, -6.152119],
          [106.85422, -6.15211],
          [106.85535, -6.15194],
          [106.85568, -6.15185],
          [106.85623, -6.15176],
          [106.85643, -6.1517],
          [106.85662, -6.15159],
          [106.85675, -6.15147],
          [106.85764, -6.14999],
          [106.85827, -6.14888],
          [106.85834, -6.1488],
          [106.85832, -6.14874],
          [106.857999, -6.146876],
          [106.858, -6.14688],
          [106.85749, -6.14407],
          [106.85696, -6.141208],
          [106.85696, -6.14121],
          [106.85675, -6.14011],
          [106.859185, -6.139649],
          [106.85918, -6.13965],
          [106.86258, -6.13901],
          [106.86338, -6.13888],
          [106.87077, -6.13751],
          [106.870777, -6.137509],
          [106.87077, -6.13751],
          [106.87207, -6.13731],
          [106.87294, -6.13727],
          [106.87406, -6.13727],
          [106.87455, -6.13737],
          [106.87556, -6.13765],
          [106.87838, -6.13853],
          [106.87913, -6.13877],
          [106.88428, -6.14033],
          [106.88632, -6.14096],
          [106.88713, -6.14124],
          [106.88667, -6.1428],
          [106.88623, -6.14421],
          [106.88616, -6.14428],
          [106.88577, -6.14563],
          [106.885631, -6.146076],
          [106.88563, -6.14608],
          [106.88539, -6.1468],
          [106.88539, -6.14694],
          [106.88521, -6.14751],
          [106.88487, -6.14849],
          [106.88473, -6.14886],
          [106.88458, -6.14939],
          [106.88462, -6.14943],
          [106.8854, -6.14953],
          [106.88683, -6.14986],
          [106.88759, -6.15011],
          [106.88815, -6.15034],
          [106.8883, -6.15028],
          [106.88834, -6.15024],
          [106.88852, -6.14995],
          [106.88869, -6.14957],
          [106.888693, -6.149563],
          [106.88869, -6.14957],
          [106.88921, -6.14836],
          [106.88931, -6.14805],
          [106.88936, -6.14794],
          [106.88951, -6.1477],
          [106.88964, -6.14739],
          [106.89013, -6.14545],
          [106.89017, -6.14518],
          [106.8902, -6.14503],
          [106.89036, -6.14395],
          [106.89048, -6.14297],
          [106.890412, -6.142921],
          [106.89041, -6.14292],
          [106.89048, -6.14297],
          [106.89055, -6.14257],
          [106.8906, -6.14243],
          [106.89069, -6.14199],
          [106.89075, -6.14181],
          [106.89075, -6.14173],
          [106.89093, -6.14098],
          [106.89112, -6.14014],
          [106.89199, -6.13637],
          [106.89201, -6.13548],
          [106.89195, -6.13494],
          [106.89192, -6.13436],
          [106.89196, -6.13383],
          [106.892, -6.13357],
          [106.89213, -6.1331],
          [106.89243, -6.13236],
          [106.89268, -6.13186],
          [106.89319, -6.13096],
          [106.89329, -6.13065],
          [106.89346, -6.12995],
          [106.89351, -6.12956],
          [106.89352, -6.12928],
          [106.89347, -6.12851],
          [106.89347, -6.128505],
          [106.89347, -6.12851],
          [106.89339, -6.12631],
          [106.89338, -6.12554],
          [106.89331, -6.12413],
          [106.89326, -6.12243],
          [106.8932, -6.1214],
          [106.89315, -6.12041],
          [106.89312, -6.11912],
          [106.89311, -6.11885],
          [106.89311, -6.118848],
          [106.8931, -6.11885],
          [106.89306, -6.11695],
          [106.893, -6.11576],
          [106.89297, -6.11416],
          [106.89297, -6.114159],
          [106.89297, -6.11416],
          [106.89299, -6.11276],
          [106.89298, -6.112],
          [106.89295, -6.11195],
          [106.89294, -6.11189],
          [106.89297, -6.111],
          [106.89302, -6.11056],
          [106.89304, -6.1105],
          [106.89305, -6.11018],
          [106.892405, -6.11016],
          [106.8924, -6.11016],
          [106.88984, -6.11009],
          [106.88772, -6.11002],
          [106.88484, -6.10993],
          [106.88369, -6.10988],
          [106.88287, -6.10988],
          [106.88278, -6.10993],
          [106.88262, -6.11016],
          [106.88252, -6.11028],
          [106.88244, -6.11034],
          [106.88227, -6.1104],
          [106.88218, -6.11039],
          [106.88209, -6.11036],
          [106.8818, -6.11011],
          [106.88168, -6.11006],
          [106.88162, -6.11006],
          [106.88154, -6.11008],
          [106.88119, -6.11028],
          [106.88112, -6.1103],
          [106.88106, -6.11029],
          [106.88064, -6.10984],
          [106.88047, -6.10976],
          [106.88059, -6.10965],
          [106.88066, -6.10955],
          [106.88074, -6.1095],
          [106.88093, -6.10946],
          [106.88141, -6.10944],
          [106.88215, -6.10945]
        ]
      }
    },
    {
      "type": "Feature",
      "properties": {
        "system": "transjakarta",
        "name": "Koridor 13 CBD Ciledug \u2013 Tegal Mampang",
        "id": "tj-13"
      },
      "geometry": {
        "type": "LineString",
        "coordinates": [
          [106.70907, -6.223635],
          [106.70909, -6.22365],
          [106.70897, -6.22421],
          [106.70894, -6.22441],
          [106.70895, -6.22449],
          [106.70897, -6.22454],
          [106.70904, -6.22463],
          [106.71067, -6.22476],
          [106.71106, -6.22486],
          [106.71125, -6.22495],
          [106.71143, -6.22511],
          [106.7117, -6.22538],
          [106.71208, -6.22583],
          [106.71233, -6.22605],
          [106.71251, -6.22617],
          [106.71266, -6.22624],
          [106.71481, -6.22709],
          [106.71532, -6.22728],
          [106.71584, -6.22743],
          [106.71638, -6.22757],
          [106.71663, -6.22761],
          [106.7173, -6.22762],
          [106.71805, -6.22765],
          [106.71842, -6.2277],
          [106.71872, -6.22779],
          [106.71897, -6.22788],
          [106.71941, -6.22806],
          [106.71955, -6.22814],
          [106.72003, -6.22849],
          [106.72046, -6.22888],
          [106.72055, -6.22893],
          [106.72114, -6.22919],
          [106.72153, -6.22931],
          [106.72246, -6.22943],
          [106.72389, -6.22974],
          [106.72428, -6.22985],
          [106.72436, -6.22991],
          [106.72456, -6.2302],
          [106.7246, -6.23024],
          [106.7247, -6.23027],
          [106.72519, -6.23017],
          [106.72541, -6.2302],
          [106.72564, -6.2303],
          [106.72582, -6.23042],
          [106.7259, -6.2305],
          [106.725989, -6.230619],
          [106.72599, -6.23062],
          [106.72621, -6.23103],
          [106.72628, -6.23128],
          [106.72638, -6.23136],
          [106.72649, -6.23135],
          [106.72686, -6.23127],
          [106.72718, -6.2313],
          [106.72788, -6.2315],
          [106.72901, -6.23179],
          [106.73105, -6.23229],
          [106.73451, -6.23298],
          [106.73635, -6.23351],
          [106.73833, -6.23397],
          [106.73853, -6.23406],
          [106.73861, -6.23411],
          [106.73871, -6.23423],
          [106.73892, -6.2347],
          [106.73899, -6.23482],
          [106.73907, -6.23491],
          [106.73925, -6.23503],
          [106.73949, -6.23513],
          [106.74094, -6.2353],
          [106.74179, -6.23547],
          [106.74203, -6.23558],
          [106.74307, -6.23628],
          [106.74327, -6.23634],
          [106.74403, -6.23642],
          [106.74509, -6.23645],
          [106.74611, -6.23629],
          [106.74681, -6.23629],
          [106.74723, -6.23632],
          [106.7476, -6.23637],
          [106.747603, -6.23637],
          [106.7476, -6.23637],
          [106.74846, -6.23648],
          [106.74991, -6.2365],
          [106.75126, -6.23656],
          [106.75259, -6.23664],
          [106.75304, -6.23664],
          [106.75344, -6.23662],
          [106.75372, -6.23656],
          [106.75415, -6.23642],
          [106.75447, -6.2363],
          [106.75465, -6.23624],
          [106.75488, -6.23611],
          [106.754882, -6.236109],
          [106.75488, -6.23611],
          [106.755, -6.23604],
          [106.75541, -6.23577],
          [106.75559, -6.23567],
          [106.75568, -6.23563],
          [106.75578, -6.23562],
          [106.7559, -6.23561],
          [106.75603, -6.23564],
          [106.75719, -6.23602],
          [106.75743, -6.23613],
          [106.75764, -6.23625],
          [106.75778, -6.23637],
          [106.75821, -6.23685],
          [106.75844, -6.23713],
          [106.75858, -6.23723],
          [106.75869, -6.23727],
          [106.75883, -6.2373],
          [106.76067, -6.23747],
          [106.76067, -6.237505],
          [106.76067, -6.23751],
          [106.76067, -6.23747],
          [106.76229, -6.2376],
          [106.76257, -6.23765],
          [106.76278, -6.23777],
          [106.76301, -6.23796],
          [106.76316, -6.23804],
          [106.76337, -6.23809],
          [106.76353, -6.23806],
          [106.76367, -6.23799],
          [106.76378, -6.2379],
          [106.76393, -6.23779],
          [106.76414, -6.23771],
          [106.76461, -6.23773],
          [106.76472, -6.23773],
          [106.76478, -6.23771],
          [106.76541, -6.23774],
          [106.765416, -6.23774],
          [106.76541, -6.23774],
          [106.76691, -6.23779],
          [106.76841, -6.23787],
          [106.7698, -6.23793],
          [106.77074, -6.23794],
          [106.77122, -6.23797],
          [106.771221, -6.23797],
          [106.77446, -6.2381],
          [106.77463, -6.23805],
          [106.7747, -6.23801],
          [106.77521, -6.23746],
          [106.77533, -6.23737],
          [106.77544, -6.23731],
          [106.77555, -6.23728],
          [106.77567, -6.23727],
          [106.77595, -6.23728],
          [106.77619, -6.23737],
          [106.7764, -6.23749],
          [106.77686, -6.23803],
          [106.777, -6.23815],
          [106.77709, -6.23819],
          [106.77733, -6.23823],
          [106.77753, -6.238239],
          [106.77817, -6.23826],
          [106.77831, -6.23829],
          [106.77921, -6.23835],
          [106.78022, -6.2384],
          [106.78042, -6.23846],
          [106.78065, -6.2386],
          [106.78079, -6.23866],
          [106.78089, -6.23869],
          [106.78179, -6.23876],
          [106.7825, -6.23883],
          [106.78314, -6.23892],
          [106.78378, -6.23913],
          [106.78423, -6.23923],
          [106.78493, -6.23931],
          [106.7851, -6.2393],
          [106.78548, -6.23932],
          [106.785482, -6.23932],
          [106.785819, -6.239328],
          [106.785974, -6.239399],
          [106.786181, -6.239418],
          [106.786431, -6.239572],
          [106.787049, -6.240208],
          [106.787363, -6.240551],
          [106.787577, -6.240713],
          [106.787786, -6.240786],
          [106.78896, -6.240924],
          [106.789278, -6.241041],
          [106.789505, -6.241189],
          [106.789868, -6.241521],
          [106.79004, -6.241702],
          [106.79041, -6.241789],
          [106.790754, -6.241833],
          [106.79075, -6.2418],
          [106.79096, -6.24183],
          [106.79127, -6.24193],
          [106.79165, -6.24197],
          [106.79182, -6.24196],
          [106.79194, -6.24193],
          [106.79259, -6.24172],
          [106.79274, -6.24164],
          [106.79291, -6.24148],
          [106.79299, -6.24137],
          [106.79321, -6.24096],
          [106.79345, -6.24046],
          [106.79352, -6.24036],
          [106.7937, -6.24017],
          [106.79384, -6.24005],
          [106.79395, -6.23999],
          [106.79424, -6.23988],
          [106.79457, -6.23984],
          [106.79494, -6.23983],
          [106.79751, -6.23983],
          [106.79834, -6.23982],
          [106.79834, -6.23981],
          [106.79834, -6.2398],
          [106.800508, -6.239858],
          [106.802593, -6.239875],
          [106.804509, -6.239864],
          [106.805346, -6.239783],
          [106.806792, -6.239209],
          [106.807771, -6.2391],
          [106.811774, -6.238985],
          [106.813515, -6.2387],
          [106.814667, -6.238783],
          [106.816166, -6.238861],
          [106.81616, -6.23884],
          [106.81632, -6.23883],
          [106.81671, -6.23876],
          [106.81694, -6.23875],
          [106.8173, -6.23875],
          [106.81767, -6.23886],
          [106.81799, -6.23901],
          [106.81855, -6.23938],
          [106.81952, -6.23998],
          [106.82026, -6.24044],
          [106.82032, -6.24048],
          [106.82046, -6.24052],
          [106.82075, -6.24054],
          [106.82111, -6.2405],
          [106.82202, -6.24033],
          [106.82312, -6.24015],
          [106.82339, -6.24016],
          [106.82404, -6.24009],
          [106.82437, -6.24008],
          [106.82791, -6.24011],
          [106.82806, -6.24013],
          [106.82976, -6.24015],
          [106.8303, -6.24012],
          [106.83107, -6.24006],
          [106.8313, -6.23993],
          [106.83138, -6.2399],
          [106.83142, -6.2399],
          [106.83149, -6.23993],
          [106.83155, -6.24],
          [106.83156, -6.24008],
          [106.83154, -6.24012],
          [106.83119, -6.24024],
          [106.831021, -6.240227],
          [106.830969, -6.24021]
        ]
      }
    },
    {
      "type": "Feature",
      "properties": {
        "system": "transjakarta",
        "name": "Koridor 14 JIS \u2013 Senen",
        "id": "tj-14"
      },
      "geometry": {
        "type": "LineString",
        "coordinates": [
          [106.8426, -6.17827],
          [106.84245, -6.17838],
          [106.84232, -6.17844],
          [106.84221, -6.17845],
          [106.84204, -6.17844],
          [106.8419, -6.17838],
          [106.84171, -6.17817],
          [106.84148, -6.17789],
          [106.84018, -6.17637],
          [106.84024, -6.17633],
          [106.84019, -6.17629],
          [106.83951, -6.17547],
          [106.8391, -6.17504],
          [106.83867, -6.17457],
          [106.83839, -6.1742],
          [106.8382, -6.17389],
          [106.83809, -6.1738],
          [106.83729, -6.17187],
          [106.8371, -6.1714],
          [106.83699, -6.17106],
          [106.83821, -6.17051],
          [106.83822, -6.170505],
          [106.83821, -6.17051],
          [106.83893, -6.17015],
          [106.83949, -6.16986],
          [106.83965, -6.16979],
          [106.83985, -6.16972],
          [106.84002, -6.16971],
          [106.8401, -6.16972],
          [106.84052, -6.17138],
          [106.84089, -6.17285],
          [106.84122, -6.17418],
          [106.84144, -6.17498],
          [106.84158, -6.17555],
          [106.84167, -6.17576],
          [106.841729, -6.175965],
          [106.84173, -6.17597],
          [106.84183, -6.17646],
          [106.841977, -6.177097],
          [106.842131, -6.177895],
          [106.842183, -6.178141],
          [106.842223, -6.178261],
          [106.842324, -6.178244],
          [106.84241, -6.17817],
          [106.84241, -6.17818],
          [106.84245, -6.17813],
          [106.84281, -6.17794],
          [106.84311, -6.17771],
          [106.84333, -6.17751],
          [106.84358, -6.17721],
          [106.8441, -6.17667],
          [106.84484, -6.17569],
          [106.84511, -6.1753],
          [106.84529, -6.17515],
          [106.84552, -6.17505],
          [106.84573, -6.17501],
          [106.84691, -6.17495],
          [106.8475, -6.17486],
          [106.849, -6.17474],
          [106.85003, -6.17466],
          [106.85126, -6.17453],
          [106.85188, -6.17448],
          [106.85198, -6.17218],
          [106.85201, -6.17194],
          [106.852096, -6.171363],
          [106.8521, -6.16974],
          [106.85214, -6.16932],
          [106.85225, -6.16673],
          [106.85225, -6.16628],
          [106.85236, -6.1646],
          [106.85242, -6.16445],
          [106.85291, -6.16358],
          [106.85291, -6.16354],
          [106.85287, -6.1635],
          [106.85242, -6.16318],
          [106.85217, -6.16295],
          [106.85214, -6.16265],
          [106.85167, -6.16015],
          [106.85159, -6.16009],
          [106.85157, -6.16005],
          [106.85157, -6.16],
          [106.8516, -6.15989],
          [106.85143, -6.1589],
          [106.85094, -6.15639],
          [106.85076, -6.15597],
          [106.85075, -6.15587],
          [106.85079, -6.15567],
          [106.85077, -6.15553],
          [106.85066, -6.15496],
          [106.85049, -6.15377],
          [106.8499, -6.1504],
          [106.8496, -6.149],
          [106.84963, -6.14895],
          [106.84966, -6.14893],
          [106.8497, -6.14894],
          [106.84975, -6.14897],
          [106.84978, -6.14922],
          [106.84991, -6.14981],
          [106.85006, -6.14989],
          [106.850079, -6.150003],
          [106.85008, -6.15001],
          [106.85025, -6.15077],
          [106.85052, -6.15237],
          [106.8507, -6.15249],
          [106.85081, -6.15251],
          [106.85099, -6.15251],
          [106.8526, -6.15224],
          [106.85355, -6.1521],
          [106.85543, -6.15187],
          [106.85568, -6.15189],
          [106.85644, -6.15177],
          [106.85666, -6.15163],
          [106.85741, -6.15038],
          [106.85793, -6.14947],
          [106.85814, -6.14914],
          [106.85827, -6.14889],
          [106.85835, -6.14881],
          [106.85829, -6.14864],
          [106.85825, -6.14843],
          [106.858, -6.14688],
          [106.85767, -6.14492],
          [106.85749, -6.14407],
          [106.85738, -6.14338],
          [106.85696, -6.14121],
          [106.8566, -6.13937],
          [106.85626, -6.13719],
          [106.85566, -6.13406],
          [106.85529, -6.13186],
          [106.85512, -6.13099],
          [106.85491, -6.12986],
          [106.85487, -6.12922],
          [106.85486, -6.12846],
          [106.85487, -6.12789],
          [106.85481, -6.1275],
          [106.85483, -6.12735],
          [106.85489, -6.12724],
          [106.85495, -6.12717],
          [106.85506, -6.12711],
          [106.85526, -6.12693],
          [106.85588, -6.12673]
        ]
      }
    },
    {
      "type": "Feature",
      "properties": {
        "system": "transjakarta",
        "name": "Koridor 2 Pulo Gadung \u2013 Monumen Nasional",
        "id": "tj-2"
      },
      "geometry": {
        "type": "LineString",
        "coordinates": [
          [106.909064, -6.183276],
          [106.909849, -6.182641],
          [106.9099, -6.182511],
          [106.90984, -6.182414],
          [106.909609, -6.182287],
          [106.90918, -6.182079],
          [106.90882, -6.181851],
          [106.908516, -6.181612],
          [106.90846, -6.18158],
          [106.90834, -6.18149],
          [106.90732, -6.18087],
          [106.90661, -6.18058],
          [106.90494, -6.17996],
          [106.904, -6.17956],
          [106.90159, -6.17862],
          [106.90102, -6.1785],
          [106.89943, -6.17837],
          [106.89894, -6.17832],
          [106.898461, -6.17829],
          [106.89755, -6.17824],
          [106.89698, -6.17825],
          [106.89668, -6.17823],
          [106.89654, -6.1782],
          [106.89621, -6.17808],
          [106.89602, -6.17793],
          [106.89402, -6.17601],
          [106.893, -6.17515],
          [106.89268, -6.17485],
          [106.892678, -6.174848],
          [106.89123, -6.1735],
          [106.891, -6.17332],
          [106.89043, -6.17294],
          [106.88966, -6.17245],
          [106.88895, -6.17206],
          [106.888609, -6.171849],
          [106.88773, -6.17129],
          [106.88684, -6.17077],
          [106.88509, -6.16971],
          [106.88242, -6.16803],
          [106.88071, -6.16705],
          [106.88013, -6.16676],
          [106.88, -6.16671],
          [106.87955, -6.1666],
          [106.87869, -6.16651],
          [106.87779, -6.16644],
          [106.87728, -6.16642],
          [106.87698, -6.16644],
          [106.87665, -6.16648],
          [106.875934, -6.166659],
          [106.87593, -6.16666],
          [106.87564, -6.16674],
          [106.87289, -6.16762],
          [106.87246, -6.16779],
          [106.87141, -6.16826],
          [106.870315, -6.168768],
          [106.87031, -6.16877],
          [106.86769, -6.16999],
          [106.866638, -6.170486],
          [106.86663, -6.17049],
          [106.8654, -6.17105],
          [106.862505, -6.172417],
          [106.8625, -6.17242],
          [106.86115, -6.173],
          [106.86047, -6.17332],
          [106.8602, -6.17343],
          [106.859, -6.17379],
          [106.858106, -6.173979],
          [106.8581, -6.17398],
          [106.85771, -6.17406],
          [106.85655, -6.17422],
          [106.85513, -6.17444],
          [106.85506, -6.17447],
          [106.854863, -6.17449],
          [106.85486, -6.17449],
          [106.85435, -6.17457],
          [106.85218, -6.17474],
          [106.85125, -6.1748],
          [106.85029, -6.17483],
          [106.84868, -6.17493],
          [106.84824, -6.17499],
          [106.84729, -6.17507],
          [106.84713, -6.17499],
          [106.84572, -6.17508],
          [106.84543, -6.17518],
          [106.84527, -6.17529],
          [106.84516, -6.17538],
          [106.84484, -6.17573],
          [106.84388, -6.17708],
          [106.84369, -6.17734],
          [106.84342, -6.17761],
          [106.842538, -6.178314],
          [106.84253, -6.17832],
          [106.84245, -6.17838],
          [106.84232, -6.17844],
          [106.84221, -6.17845],
          [106.84204, -6.17844],
          [106.8419, -6.17838],
          [106.84171, -6.17817],
          [106.84148, -6.17789],
          [106.84034, -6.17656],
          [106.84033, -6.17641],
          [106.840171, -6.176231],
          [106.84017, -6.17623],
          [106.83988, -6.17587],
          [106.8391, -6.17504],
          [106.83871, -6.17456],
          [106.8386, -6.17463],
          [106.83823, -6.17417],
          [106.836715, -6.175456],
          [106.83671, -6.17546],
          [106.83645, -6.1757],
          [106.83637, -6.17573],
          [106.83631, -6.17571],
          [106.83622, -6.17562],
          [106.83544, -6.17453],
          [106.83482, -6.17345],
          [106.834818, -6.173447],
          [106.83482, -6.17345],
          [106.83452, -6.17293],
          [106.83442, -6.17288],
          [106.83429, -6.17288],
          [106.83419, -6.17291],
          [106.83403, -6.173],
          [106.83319, -6.17403],
          [106.83273, -6.17464],
          [106.83267, -6.17477],
          [106.83265, -6.17491],
          [106.83266, -6.17564],
          [106.83259, -6.17591],
          [106.83246, -6.17604],
          [106.83233, -6.1761],
          [106.83127, -6.1763],
          [106.83118, -6.1763],
          [106.831, -6.17628],
          [106.83053, -6.17458],
          [106.830527, -6.174571],
          [106.83053, -6.17457],
          [106.83023, -6.17366],
          [106.83006, -6.17307],
          [106.83004, -6.17296],
          [106.83006, -6.17288],
          [106.83011, -6.17281],
          [106.83018, -6.17275],
          [106.83098, -6.17236],
          [106.830982, -6.172359],
          [106.83098, -6.17236],
          [106.83187, -6.17193],
          [106.83319, -6.17122],
          [106.83333, -6.17109],
          [106.83338, -6.17102],
          [106.8334, -6.17097],
          [106.8334, -6.17091],
          [106.83338, -6.17084],
          [106.83265, -6.16938],
          [106.83215, -6.16832],
          [106.83164, -6.16808],
          [106.8313, -6.16808],
          [106.83097, -6.16812],
          [106.830818, -6.168168],
          [106.83081, -6.16816],
          [106.8303, -6.16828],
          [106.83011, -6.1683],
          [106.83001, -6.1683],
          [106.828145, -6.167951],
          [106.82814, -6.16795],
          [106.82731, -6.16777],
          [106.82658, -6.16759],
          [106.82582, -6.16744],
          [106.82565, -6.16752],
          [106.82553, -6.1676],
          [106.82547, -6.16767],
          [106.82542, -6.16776],
          [106.82556, -6.16942],
          [106.82567, -6.17116],
          [106.82564, -6.17127],
          [106.82559, -6.17139],
          [106.82552, -6.17147],
          [106.82356, -6.17144],
          [106.82339, -6.17149],
          [106.8233, -6.17157],
          [106.82322, -6.1717],
          [106.82315, -6.17203],
          [106.82304, -6.176252]
        ]
      }
    },
    {
      "type": "Feature",
      "properties": {
        "system": "transjakarta",
        "name": "Koridor 3 Kalideres \u2013 Monumen Nasional",
        "id": "tj-3"
      },
      "geometry": {
        "type": "LineString",
        "coordinates": [
          [106.705458, -6.154401],
          [106.70544, -6.15441],
          [106.705431, -6.154219],
          [106.705511, -6.154139],
          [106.705602, -6.154118],
          [106.705726, -6.154099],
          [106.70586, -6.15409],
          [106.70594, -6.15412],
          [106.70598, -6.15418],
          [106.70601, -6.15452],
          [106.70601, -6.15483],
          [106.70621, -6.15498],
          [106.7063, -6.15507],
          [106.70645, -6.15552],
          [106.70653, -6.15574],
          [106.70689, -6.15568],
          [106.70703, -6.15568],
          [106.70877, -6.15581],
          [106.70896, -6.15581],
          [106.71044, -6.15555],
          [106.71064, -6.15553],
          [106.71102, -6.15552],
          [106.71294, -6.15555],
          [106.71369, -6.15554],
          [106.71391, -6.1555],
          [106.71415, -6.15539],
          [106.715209, -6.154715],
          [106.715704, -6.15438],
          [106.716815, -6.15384],
          [106.718832, -6.153],
          [106.719278, -6.152946],
          [106.719849, -6.152877],
          [106.721198, -6.15275],
          [106.722515, -6.15287],
          [106.72313, -6.153025],
          [106.72336, -6.153146],
          [106.723985, -6.153332],
          [106.724976, -6.153566],
          [106.725978, -6.153779],
          [106.726207, -6.153827],
          [106.727783, -6.154154],
          [106.729177, -6.154446],
          [106.729724, -6.154562],
          [106.730407, -6.154691],
          [106.73076, -6.154757],
          [106.731561, -6.154822],
          [106.732265, -6.154812],
          [106.73252, -6.154785],
          [106.733686, -6.154569],
          [106.734046, -6.154508],
          [106.735017, -6.154469],
          [106.735447, -6.15448],
          [106.736868, -6.154508],
          [106.737692, -6.154511],
          [106.738098, -6.154505],
          [106.73809, -6.15451],
          [106.73899, -6.1545],
          [106.73959, -6.15452],
          [106.74204, -6.15467],
          [106.74274, -6.15474],
          [106.74345, -6.15483],
          [106.74408, -6.15494],
          [106.7451, -6.15503],
          [106.74625, -6.15509],
          [106.74769, -6.15522],
          [106.74945, -6.15543],
          [106.74945, -6.15543],
          [106.75124, -6.15563],
          [106.75221, -6.15579],
          [106.75417, -6.15599],
          [106.7545, -6.15605],
          [106.75515, -6.15624],
          [106.75558, -6.1564],
          [106.75744, -6.15701],
          [106.757917, -6.157089],
          [106.758961, -6.157406],
          [106.759822, -6.157686],
          [106.760308, -6.157879],
          [106.76076, -6.158065],
          [106.761681, -6.158371],
          [106.762388, -6.158437],
          [106.763286, -6.158396],
          [106.764322, -6.15835],
          [106.765124, -6.158147],
          [106.765786, -6.15788],
          [106.766447, -6.15762],
          [106.766533, -6.157578],
          [106.766754, -6.157515],
          [106.767161, -6.157566],
          [106.767638, -6.157831],
          [106.767892, -6.158012],
          [106.7685, -6.158445],
          [106.768653, -6.158564],
          [106.768819, -6.158786],
          [106.769042, -6.159274],
          [106.769372, -6.160193],
          [106.769513, -6.160583],
          [106.769711, -6.160985],
          [106.769912, -6.161189],
          [106.770533, -6.16149],
          [106.77117, -6.161745],
          [106.77187, -6.162026],
          [106.772445, -6.162233],
          [106.773932, -6.162804],
          [106.775173, -6.163292],
          [106.775246, -6.163321],
          [106.776224, -6.163709],
          [106.777869, -6.164335],
          [106.778661, -6.164635],
          [106.779317, -6.164879],
          [106.780248, -6.164844],
          [106.780699, -6.164806],
          [106.781031, -6.164865],
          [106.781766, -6.164977],
          [106.782664, -6.16517],
          [106.783753, -6.16539],
          [106.784418, -6.165503],
          [106.785065, -6.165676],
          [106.785806, -6.16612],
          [106.786209, -6.16632],
          [106.786548, -6.166418],
          [106.786942, -6.166532],
          [106.787812, -6.166705],
          [106.788494, -6.166769],
          [106.789481, -6.166752],
          [106.789696, -6.166722],
          [106.789971, -6.166684],
          [106.791272, -6.166569],
          [106.793888, -6.166374],
          [106.796742, -6.166182],
          [106.79674, -6.16617],
          [106.79832, -6.16609],
          [106.7985, -6.16611],
          [106.7999, -6.16599],
          [106.80082, -6.16598],
          [106.80427, -6.16599],
          [106.80434, -6.16597],
          [106.80489, -6.16594],
          [106.80524, -6.16594],
          [106.80652, -6.16587],
          [106.808076, -6.16576],
          [106.808197, -6.16577],
          [106.808306, -6.169228],
          [106.808399, -6.17049],
          [106.808563, -6.171376],
          [106.808822, -6.17132],
          [106.81082, -6.17094],
          [106.81111, -6.17091],
          [106.81475, -6.17026],
          [106.81696, -6.16991],
          [106.81695, -6.16991],
          [106.81735, -6.16985],
          [106.81824, -6.16965],
          [106.81876, -6.16952],
          [106.81905, -6.1694],
          [106.81921, -6.16929],
          [106.81938, -6.1691],
          [106.81969, -6.1687],
          [106.81983, -6.16855],
          [106.82047, -6.16792],
          [106.82069, -6.16766],
          [106.82093, -6.16733],
          [106.82103, -6.16729],
          [106.8212, -6.16725],
          [106.82222, -6.16729],
          [106.82362, -6.16714],
          [106.82536, -6.167],
          [106.82537, -6.1674],
          [106.82542, -6.16776],
          [106.82556, -6.16942],
          [106.82567, -6.17116],
          [106.82564, -6.17127],
          [106.82559, -6.17139],
          [106.82552, -6.17147],
          [106.82356, -6.17144],
          [106.82342, -6.17148],
          [106.8233, -6.17157],
          [106.82323, -6.17167],
          [106.82315, -6.17203],
          [106.82309, -6.17421],
          [106.82304, -6.17643],
          [106.82299, -6.17846],
          [106.82295, -6.17973],
          [106.82297, -6.17987],
          [106.82308, -6.18041],
          [106.82317, -6.18056],
          [106.82317, -6.1807],
          [106.82312, -6.18082],
          [106.82305, -6.1809],
          [106.82295, -6.18095],
          [106.82282, -6.18096],
          [106.82274, -6.18094],
          [106.82263, -6.18086],
          [106.82255, -6.18074],
          [106.82254, -6.1806],
          [106.82259, -6.18047],
          [106.82262, -6.17987],
          [106.82263, -6.17828],
          [106.82267, -6.1774],
          [106.82269, -6.17625],
          [106.82269, -6.176243]
        ]
      }
    },
    {
      "type": "Feature",
      "properties": {
        "system": "transjakarta",
        "name": "Koridor 4 Pulo Gadung \u2013 Galunggung",
        "id": "tj-4"
      },
      "geometry": {
        "type": "LineString",
        "coordinates": [
          [106.823454, -6.204343],
          [106.824854, -6.204639],
          [106.824945, -6.204635],
          [106.825151, -6.203576],
          [106.82525, -6.203526],
          [106.82997, -6.20454],
          [106.83096, -6.20473],
          [106.833311, -6.2051],
          [106.83331, -6.2051],
          [106.83471, -6.20531],
          [106.834715, -6.205311],
          [106.83471, -6.20531],
          [106.83705, -6.20563],
          [106.83715, -6.20566],
          [106.83789, -6.20595],
          [106.83861, -6.20618],
          [106.83975, -6.20661],
          [106.84112, -6.20707],
          [106.841126, -6.207072],
          [106.841598, -6.207229],
          [106.8416, -6.20723],
          [106.84557, -6.20862],
          [106.84584, -6.20873],
          [106.8461, -6.20879],
          [106.84676, -6.20889],
          [106.84704, -6.20887],
          [106.84728, -6.20884],
          [106.84745, -6.20878],
          [106.847459, -6.208777],
          [106.84745, -6.20878],
          [106.847619, -6.208726],
          [106.848234, -6.208391],
          [106.848553, -6.20817],
          [106.848786, -6.207993],
          [106.848812, -6.207744],
          [106.848684, -6.206841],
          [106.84872, -6.20645],
          [106.8488, -6.20619],
          [106.84892, -6.20559],
          [106.84916, -6.2041],
          [106.84932, -6.20337],
          [106.84946, -6.20258],
          [106.84948, -6.20254],
          [106.84959, -6.20246],
          [106.8502, -6.20205],
          [106.85071, -6.20174],
          [106.85128, -6.20143],
          [106.85185, -6.20099],
          [106.85363, -6.1995],
          [106.85441, -6.19879],
          [106.854412, -6.198789],
          [106.85441, -6.19879],
          [106.8549, -6.19838],
          [106.85557, -6.19788],
          [106.8557, -6.19782],
          [106.85631, -6.19742],
          [106.85644, -6.19738],
          [106.85691, -6.19704],
          [106.85848, -6.19602],
          [106.86085, -6.19437],
          [106.860857, -6.194365],
          [106.86085, -6.19437],
          [106.86117, -6.19414],
          [106.86126, -6.19407],
          [106.86146, -6.19394],
          [106.86166, -6.19387],
          [106.86226, -6.19351],
          [106.86281, -6.19324],
          [106.86326, -6.19306],
          [106.86429, -6.19273],
          [106.86455, -6.19268],
          [106.864562, -6.192677],
          [106.86456, -6.19268],
          [106.86484, -6.19261],
          [106.86546, -6.19251],
          [106.86644, -6.19238],
          [106.86858, -6.19218],
          [106.868587, -6.192179],
          [106.86858, -6.19218],
          [106.87156, -6.19189],
          [106.87223, -6.19191],
          [106.87286, -6.19195],
          [106.87402, -6.19211],
          [106.874026, -6.19211],
          [106.87402, -6.19211],
          [106.87494, -6.19219],
          [106.87588, -6.19235],
          [106.87731, -6.19252],
          [106.87894, -6.19267],
          [106.88034, -6.19283],
          [106.880343, -6.19283],
          [106.88034, -6.19283],
          [106.88249, -6.19306],
          [106.88367, -6.19317],
          [106.883677, -6.19317],
          [106.88367, -6.19317],
          [106.88589, -6.19332],
          [106.88829, -6.19334],
          [106.888299, -6.19334],
          [106.88829, -6.19334],
          [106.89169, -6.19337],
          [106.891695, -6.19337],
          [106.89169, -6.19337],
          [106.89705, -6.19344],
          [106.89909, -6.19344],
          [106.899097, -6.19344],
          [106.89909, -6.19344],
          [106.90066, -6.19345],
          [106.90187, -6.19346],
          [106.90236, -6.19345],
          [106.90258, -6.19343],
          [106.90292, -6.19335],
          [106.90312, -6.19327],
          [106.90481, -6.19235],
          [106.904821, -6.192344],
          [106.90482, -6.19235],
          [106.90518, -6.19215],
          [106.90573, -6.19205],
          [106.90579, -6.19162],
          [106.90589, -6.19113],
          [106.90611, -6.19032],
          [106.90627, -6.18977],
          [106.90636, -6.1894],
          [106.90632, -6.18894],
          [106.90584, -6.18746],
          [106.90584, -6.187458],
          [106.90573, -6.18701],
          [106.90571, -6.18678],
          [106.90571, -6.18668],
          [106.90575, -6.18655],
          [106.90582, -6.1864],
          [106.90588, -6.18632],
          [106.90613, -6.18604],
          [106.90664, -6.1855],
          [106.90789, -6.18447],
          [106.90827, -6.18408],
          [106.908866, -6.183591],
          [106.909336, -6.183127],
          [106.909876, -6.182623],
          [106.909857, -6.182446],
          [106.90956, -6.182253],
          [106.909106, -6.182012],
          [106.908861, -6.181908],
          [106.908811, -6.181974],
          [106.908768, -6.182275],
          [106.908727, -6.182433],
          [106.908638, -6.182508],
          [106.908618, -6.182618],
          [106.908697, -6.183039]
        ]
      }
    },
    {
      "type": "Feature",
      "properties": {
        "system": "transjakarta",
        "name": "Koridor 5 Ancol \u2013 Kampung Melayu",
        "id": "tj-5"
      },
      "geometry": {
        "type": "LineString",
        "coordinates": [
          [106.866735, -6.224597],
          [106.866524, -6.22459],
          [106.866355, -6.224489],
          [106.86623, -6.224232],
          [106.86607, -6.22372],
          [106.86542, -6.22151],
          [106.865418, -6.221502],
          [106.86539, -6.2214],
          [106.86528, -6.22111],
          [106.86481, -6.22012],
          [106.86435, -6.21908],
          [106.86417, -6.21854],
          [106.8641, -6.21815],
          [106.86389, -6.21652],
          [106.86385, -6.21641],
          [106.86379, -6.21631],
          [106.86357, -6.21605],
          [106.86279, -6.21536],
          [106.86224, -6.21484],
          [106.86194, -6.21449],
          [106.86143, -6.21358],
          [106.86107, -6.212899],
          [106.86031, -6.2113],
          [106.85964, -6.20981],
          [106.859157, -6.208583],
          [106.85916, -6.20859],
          [106.85826, -6.20631],
          [106.85803, -6.2057],
          [106.85777, -6.20508],
          [106.85721, -6.20357],
          [106.85704, -6.20315],
          [106.857037, -6.203142],
          [106.85704, -6.20314],
          [106.85699, -6.20302],
          [106.85667, -6.20246],
          [106.85647, -6.20221],
          [106.85532, -6.20105],
          [106.85467, -6.20035],
          [106.854364, -6.200054],
          [106.85436, -6.20006],
          [106.85436, -6.20005],
          [106.85415, -6.19988],
          [106.85385, -6.1996],
          [106.85198, -6.1979],
          [106.85179, -6.1977],
          [106.85125, -6.19719],
          [106.85119, -6.1971],
          [106.850931, -6.196861],
          [106.85094, -6.19686],
          [106.85065, -6.19658],
          [106.85048, -6.19639],
          [106.85012, -6.19592],
          [106.84988, -6.19552],
          [106.84919, -6.1942],
          [106.84878, -6.19344],
          [106.848778, -6.193435],
          [106.84878, -6.19344],
          [106.84837, -6.19267],
          [106.84817, -6.19225],
          [106.84788, -6.19173],
          [106.84749, -6.19099],
          [106.84689, -6.18997],
          [106.84677, -6.18975],
          [106.84662, -6.18942],
          [106.84645, -6.1891],
          [106.84619, -6.18867],
          [106.84584, -6.18805],
          [106.84584, -6.188049],
          [106.84468, -6.18601],
          [106.8439, -6.1847],
          [106.843899, -6.184699],
          [106.8439, -6.1847],
          [106.84317, -6.18353],
          [106.843, -6.18316],
          [106.84295, -6.18303],
          [106.84286, -6.18267],
          [106.84267, -6.18153],
          [106.842, -6.17828],
          [106.841999, -6.178275],
          [106.842, -6.17828],
          [106.84147, -6.17577],
          [106.84113, -6.1743],
          [106.84078, -6.17294],
          [106.84037, -6.1713],
          [106.83901, -6.16607],
          [106.83882, -6.16541],
          [106.83865, -6.16463],
          [106.83805, -6.16229],
          [106.838048, -6.162283],
          [106.83805, -6.16229],
          [106.83662, -6.1567],
          [106.83545, -6.15185],
          [106.83505, -6.15029],
          [106.83462, -6.14874],
          [106.83424, -6.14722],
          [106.83421, -6.14674],
          [106.83421, -6.146731],
          [106.83421, -6.14674],
          [106.83422, -6.14646],
          [106.83419, -6.14556],
          [106.83417, -6.14536],
          [106.83413, -6.1451],
          [106.83335, -6.14176],
          [106.83227, -6.13684],
          [106.832268, -6.136832],
          [106.83227, -6.13684],
          [106.83157, -6.13372],
          [106.831569, -6.133716],
          [106.8313, -6.13249],
          [106.83124, -6.13234],
          [106.83118, -6.13211],
          [106.83112, -6.13181],
          [106.83113, -6.13175],
          [106.83092, -6.13057],
          [106.83085, -6.13004],
          [106.830812, -6.129926],
          [106.830683, -6.129662],
          [106.830403, -6.127626],
          [106.830403, -6.127626]
        ]
      }
    },
    {
      "type": "Feature",
      "properties": {
        "system": "transjakarta",
        "name": "Koridor 6 Ragunan \u2013 Galunggung",
        "id": "tj-6"
      },
      "geometry": {
        "type": "LineString",
        "coordinates": [
          [106.818995, -6.305696],
          [106.818454, -6.305626],
          [106.818411, -6.305552],
          [106.81845, -6.305477],
          [106.818658, -6.305406],
          [106.818895, -6.305418],
          [106.819083, -6.30556],
          [106.820534, -6.305744],
          [106.820586, -6.305596],
          [106.82074, -6.30482],
          [106.82093, -6.30361],
          [106.82109, -6.30248],
          [106.82126, -6.30108],
          [106.82126, -6.30088],
          [106.82119, -6.30044],
          [106.82105, -6.29995],
          [106.82102, -6.29973],
          [106.82101, -6.29818],
          [106.82102, -6.29731],
          [106.82104, -6.29712],
          [106.82207, -6.29456],
          [106.822072, -6.294554],
          [106.82207, -6.29456],
          [106.82227, -6.29407],
          [106.82285, -6.29259],
          [106.82342, -6.29129],
          [106.82359, -6.29095],
          [106.823595, -6.29094],
          [106.82359, -6.29095],
          [106.82417, -6.28984],
          [106.8255, -6.28711],
          [106.82563, -6.28682],
          [106.8262, -6.2854],
          [106.826203, -6.285391],
          [106.8262, -6.2854],
          [106.82654, -6.28456],
          [106.82703, -6.28314],
          [106.82772, -6.28175],
          [106.82811, -6.28086],
          [106.82828, -6.28052],
          [106.82893, -6.27942],
          [106.82925, -6.27899],
          [106.82966, -6.27838],
          [106.829664, -6.278372],
          [106.82966, -6.27838],
          [106.82986, -6.27802],
          [106.82998, -6.27775],
          [106.83017, -6.27703],
          [106.8302, -6.2767],
          [106.83021, -6.27645],
          [106.83018, -6.27629],
          [106.83012, -6.27604],
          [106.83009, -6.27576],
          [106.83021, -6.27463],
          [106.83025, -6.27435],
          [106.830251, -6.274342],
          [106.83025, -6.27435],
          [106.83033, -6.27316],
          [106.83039, -6.27281],
          [106.83049, -6.27247],
          [106.83058, -6.27221],
          [106.83062, -6.27189],
          [106.83062, -6.27161],
          [106.83059, -6.2713],
          [106.83061, -6.27096],
          [106.83074, -6.26979],
          [106.83093, -6.26899],
          [106.83095, -6.26868],
          [106.83094, -6.26839],
          [106.83087, -6.26784],
          [106.83084, -6.26766],
          [106.83054, -6.26665],
          [106.83057, -6.26555],
          [106.83055, -6.26513],
          [106.83045, -6.26447],
          [106.83044, -6.26425],
          [106.83049, -6.26374],
          [106.83049, -6.26348],
          [106.83047, -6.26308],
          [106.8304, -6.26294],
          [106.8303, -6.26282],
          [106.82989, -6.26256],
          [106.829721, -6.26243],
          [106.82962, -6.26236],
          [106.82943, -6.26213],
          [106.82934, -6.26198],
          [106.82896, -6.26109],
          [106.82885, -6.26077],
          [106.82874, -6.26037],
          [106.82848, -6.25928],
          [106.828, -6.25699],
          [106.827999, -6.256987],
          [106.828, -6.25699],
          [106.82772, -6.2559],
          [106.82754, -6.25533],
          [106.82724, -6.25425],
          [106.82695, -6.25287],
          [106.82688, -6.25234],
          [106.82675, -6.25136],
          [106.8265, -6.25005],
          [106.82633, -6.2488],
          [106.82621, -6.24813],
          [106.82604, -6.24696],
          [106.82599, -6.24646],
          [106.82577, -6.24501],
          [106.82566, -6.24369],
          [106.82562, -6.24267],
          [106.82562, -6.242664],
          [106.82562, -6.24267],
          [106.82561, -6.24214],
          [106.82565, -6.24032],
          [106.82584, -6.23945],
          [106.82595, -6.23913],
          [106.82636, -6.23816],
          [106.82648, -6.23793],
          [106.82779, -6.23592],
          [106.82819, -6.23536],
          [106.82845, -6.2351],
          [106.82883, -6.2348],
          [106.82902, -6.23468],
          [106.829023, -6.234678],
          [106.82902, -6.23468],
          [106.82916, -6.2346],
          [106.83015, -6.23414],
          [106.83053, -6.23394],
          [106.83102, -6.2336],
          [106.83148, -6.23322],
          [106.83202, -6.23259],
          [106.832021, -6.232589],
          [106.83237, -6.23205],
          [106.83249, -6.23182],
          [106.83268, -6.23141],
          [106.83282, -6.23102],
          [106.83304, -6.23028],
          [106.83312, -6.22985],
          [106.83313, -6.22963],
          [106.83308, -6.22877],
          [106.833079, -6.22876],
          [106.83305, -6.22824],
          [106.83303, -6.22753],
          [106.83286, -6.22514],
          [106.83278, -6.22414],
          [106.83213, -6.22162],
          [106.832129, -6.221617],
          [106.83213, -6.22162],
          [106.83198, -6.22102],
          [106.83188, -6.22073],
          [106.83162, -6.22012],
          [106.83137, -6.21951],
          [106.8311, -6.21871],
          [106.83091, -6.21803],
          [106.83086, -6.21774],
          [106.83067, -6.21666],
          [106.830669, -6.216653],
          [106.83067, -6.21666],
          [106.83063, -6.2164],
          [106.8305, -6.21497],
          [106.8304, -6.21342],
          [106.830399, -6.213411],
          [106.83036, -6.21271],
          [106.83036, -6.21114],
          [106.83034, -6.21091],
          [106.83019, -6.20954],
          [106.83012, -6.20918],
          [106.83012, -6.20918],
          [106.82993, -6.20851],
          [106.82965, -6.20771],
          [106.82938, -6.20716],
          [106.82897, -6.20646],
          [106.82833, -6.20549],
          [106.82805, -6.20496],
          [106.82791, -6.20464],
          [106.82783, -6.20426],
          [106.82781, -6.204],
          [106.82781, -6.20363],
          [106.82788, -6.20256],
          [106.82786, -6.20249],
          [106.82786, -6.2023],
          [106.82782, -6.20216],
          [106.82777, -6.2021],
          [106.82772, -6.20205],
          [106.82761, -6.20202],
          [106.82745, -6.20203],
          [106.82738, -6.20209],
          [106.82732, -6.20218],
          [106.82728, -6.20236],
          [106.82741, -6.20252],
          [106.82749, -6.20266],
          [106.82757, -6.2029],
          [106.8276, -6.203],
          [106.82772, -6.20322],
          [106.82853, -6.20341],
          [106.82993, -6.20378],
          [106.83067, -6.20394],
          [106.83236, -6.20425],
          [106.8332, -6.20438],
          [106.83404, -6.20449],
          [106.83395, -6.20528],
          [106.833408, -6.205191],
          [106.8334, -6.20519],
          [106.8306, -6.20478],
          [106.82996, -6.20467],
          [106.82734, -6.20406],
          [106.82544, -6.203655],
          [106.82544, -6.20365],
          [106.82324, -6.20323],
          [106.823192, -6.203259],
          [106.82319, -6.20326],
          [106.82315, -6.20329],
          [106.82311, -6.20339],
          [106.82305, -6.204116],
          [106.82305, -6.20412],
          [106.82304, -6.20424],
          [106.823053, -6.204253],
          [106.823099, -6.204363],
          [106.823347, -6.204414],
          [106.82334, -6.20442],
          [106.82333, -6.20442]
        ]
      }
    },
    {
      "type": "Feature",
      "properties": {
        "system": "transjakarta",
        "name": "Koridor 7 Kampung Rambutan \u2013 Kampung Melayu",
        "id": "tj-7"
      },
      "geometry": {
        "type": "LineString",
        "coordinates": [
          [106.86723, -6.27157],
          [106.86718, -6.27234],
          [106.86718, -6.27291],
          [106.86728, -6.27361],
          [106.86741, -6.27434],
          [106.86751, -6.27463],
          [106.8677, -6.27508],
          [106.86814, -6.27592],
          [106.8685, -6.27644],
          [106.86901, -6.27708],
          [106.86989, -6.27844],
          [106.87104, -6.28014],
          [106.87202, -6.28165],
          [106.87207, -6.28185],
          [106.87207, -6.28215],
          [106.87203, -6.2823],
          [106.87175, -6.28307],
          [106.87169, -6.28329],
          [106.87126, -6.28505],
          [106.87094, -6.28615],
          [106.87092, -6.28637],
          [106.87087, -6.28793],
          [106.87088, -6.28815],
          [106.87097, -6.28857],
          [106.8711, -6.28905],
          [106.87151, -6.2904],
          [106.87194, -6.29184],
          [106.87221, -6.29297],
          [106.87224, -6.29335],
          [106.87223, -6.29351],
          [106.872121, -6.294226],
          [106.87212, -6.29423],
          [106.87177, -6.29592],
          [106.87165, -6.29637],
          [106.87147, -6.29691],
          [106.87109, -6.2978],
          [106.87059, -6.29881],
          [106.87046, -6.29901],
          [106.86969, -6.30001],
          [106.86945, -6.30029],
          [106.86858, -6.30139],
          [106.868084, -6.301995],
          [106.86808, -6.302],
          [106.86744, -6.30278],
          [106.86675, -6.30357],
          [106.86654, -6.304],
          [106.86598, -6.30492],
          [106.8656, -6.30565],
          [106.86559, -6.3058],
          [106.8656, -6.30596],
          [106.86563, -6.30611],
          [106.86568, -6.30625],
          [106.86575, -6.30639],
          [106.865756, -6.306393],
          [106.86575, -6.30639],
          [106.86749, -6.3073],
          [106.86837, -6.30768],
          [106.8693, -6.30817],
          [106.86964, -6.30828],
          [106.87006, -6.30837],
          [106.87054, -6.30841],
          [106.87109, -6.30838],
          [106.87149, -6.30833],
          [106.87176, -6.30828],
          [106.87328, -6.30795],
          [106.87387, -6.30782],
          [106.873878, -6.307818],
          [106.87475, -6.30761],
          [106.87535, -6.30745],
          [106.87691, -6.30699],
          [106.8788, -6.3065],
          [106.88036, -6.30603],
          [106.88101, -6.30586],
          [106.88216, -6.30566],
          [106.88262, -6.30562],
          [106.88518, -6.30555],
          [106.886, -6.30555],
          [106.88669, -6.30557],
          [106.88709, -6.30562],
          [106.88714, -6.30566],
          [106.88719, -6.30573],
          [106.88723, -6.3059],
          [106.88721, -6.30604],
          [106.88709, -6.30617],
          [106.8867, -6.30642],
          [106.88662, -6.3065],
          [106.88591, -6.30737],
          [106.88579, -6.30748],
          [106.8856, -6.3076],
          [106.88544, -6.30766],
          [106.88503, -6.30778],
          [106.88451, -6.30792],
          [106.88398, -6.308],
          [106.88384, -6.30799],
          [106.88365, -6.30794],
          [106.8835, -6.30786],
          [106.88293, -6.30751],
          [106.8815, -6.30654],
          [106.88135, -6.30649],
          [106.88121, -6.30648],
          [106.88106, -6.30648],
          [106.88088, -6.30651],
          [106.880781, -6.306538],
          [106.88052, -6.30664],
          [106.880504, -6.306773],
          [106.880579, -6.306906],
          [106.880697, -6.307023],
          [106.88082, -6.307247],
          [106.881056, -6.307578],
          [106.881181, -6.307852],
          [106.881582, -6.308655],
          [106.881625, -6.308735],
          [106.881706, -6.30881],
          [106.88185, -6.308847],
          [106.882086, -6.308879],
          [106.882376, -6.308868],
          [106.882532, -6.30889],
          [106.88266, -6.308964],
          [106.882859, -6.309258],
          [106.882982, -6.309471],
          [106.883047, -6.309663],
          [106.883041, -6.309759],
          [106.882939, -6.309935],
          [106.882703, -6.310127],
          [106.882532, -6.310185],
          [106.882398, -6.310169],
          [106.882306, -6.310095],
          [106.882237, -6.31002],
          [106.882102, -6.309881],
          [106.882074, -6.309783],
          [106.866911, -6.22469],
          [106.86691, -6.22471],
          [106.86712, -6.22471],
          [106.86718, -6.22476],
          [106.86721, -6.22485],
          [106.86705, -6.22513],
          [106.867, -6.2253],
          [106.86697, -6.22553],
          [106.86699, -6.22567],
          [106.86707, -6.22593],
          [106.86721, -6.22658],
          [106.86728, -6.22767],
          [106.86729, -6.22881],
          [106.86732, -6.229724],
          [106.86731, -6.22973],
          [106.86739, -6.23179],
          [106.86745, -6.2323],
          [106.86759, -6.23391],
          [106.86764, -6.23435],
          [106.86777, -6.2348],
          [106.868037, -6.235414],
          [106.86804, -6.23542],
          [106.86883, -6.23722],
          [106.8689, -6.23744],
          [106.86914, -6.23843],
          [106.86929, -6.23926],
          [106.86932, -6.23965],
          [106.86938, -6.24099],
          [106.86936, -6.24152],
          [106.86934, -6.2418],
          [106.86926, -6.24227],
          [106.86909, -6.24284],
          [106.868843, -6.243631],
          [106.86884, -6.24364],
          [106.86871, -6.24401],
          [106.86878, -6.24412],
          [106.8689, -6.2442],
          [106.86917, -6.24428],
          [106.86942, -6.24439],
          [106.86966, -6.24456],
          [106.86979, -6.24467],
          [106.86988, -6.24479],
          [106.8699, -6.24486],
          [106.87005, -6.24502],
          [106.87051, -6.24548],
          [106.87062, -6.24556],
          [106.87078, -6.24565],
          [106.87094, -6.24571],
          [106.87122, -6.2458],
          [106.871221, -6.2458],
          [106.87175, -6.24594],
          [106.87229, -6.24607],
          [106.87271, -6.24614],
          [106.873165, -6.246241],
          [106.87316, -6.24623],
          [106.87384, -6.2464],
          [106.87427, -6.24654],
          [106.87447, -6.24663],
          [106.874694, -6.246757],
          [106.874855, -6.246876],
          [106.874957, -6.247084],
          [106.874963, -6.247578],
          [106.87495, -6.24762],
          [106.87475, -6.24806],
          [106.87423, -6.24933],
          [106.873792, -6.250226],
          [106.87379, -6.25023],
          [106.87372, -6.25037],
          [106.87367, -6.25041],
          [106.87343, -6.25089],
          [106.87268, -6.25233],
          [106.87134, -6.25567],
          [106.87115, -6.25605],
          [106.87041, -6.25736],
          [106.870053, -6.257816],
          [106.87005, -6.25782],
          [106.86801, -6.26047],
          [106.86757, -6.26109],
          [106.86679, -6.26205],
          [106.866414, -6.262564],
          [106.86642, -6.26257],
          [106.8661, -6.26299],
          [106.86592, -6.26326],
          [106.86582, -6.26369],
          [106.8658, -6.26383],
          [106.86582, -6.2643],
          [106.86595, -6.26584],
          [106.86608, -6.26711],
          [106.86618, -6.26781],
          [106.86624, -6.26807],
          [106.86629, -6.26818],
          [106.866659, -6.268769],
          [106.86734, -6.26989],
          [106.86743, -6.27005],
          [106.86745, -6.27012],
          [106.86747, -6.27026],
          [106.86746, -6.27041]
        ]
      }
    },
    {
      "type": "Feature",
      "properties": {
        "system": "transjakarta",
        "name": "Koridor 8 Lebak Bulus \u2013 Pasar Baru",
        "id": "tj-8"
      },
      "geometry": {
        "type": "LineString",
        "coordinates": [
          [106.774036, -6.289375],
          [106.77403, -6.28934],
          [106.77349, -6.28933],
          [106.7734, -6.28929],
          [106.77324, -6.28917],
          [106.77229, -6.28915],
          [106.77211, -6.28916],
          [106.77149, -6.28925],
          [106.77097, -6.28926],
          [106.77097, -6.28894],
          [106.77095, -6.28862],
          [106.77108, -6.28743],
          [106.77118, -6.2868],
          [106.77153, -6.28483],
          [106.77181, -6.28306],
          [106.77194, -6.28212],
          [106.771941, -6.282116],
          [106.77194, -6.28212],
          [106.772, -6.28169],
          [106.77203, -6.28155],
          [106.77213, -6.28143],
          [106.77228, -6.28135],
          [106.77238, -6.28136],
          [106.77243, -6.28138],
          [106.77249, -6.28143],
          [106.7731, -6.28213],
          [106.77385, -6.28296],
          [106.77423, -6.28336],
          [106.77527, -6.28454],
          [106.77569, -6.2851],
          [106.77603, -6.2857],
          [106.77638, -6.28617],
          [106.77821, -6.28825],
          [106.77961, -6.28708],
          [106.77989, -6.28674],
          [106.779896, -6.286733],
          [106.77989, -6.28674],
          [106.78007, -6.28651],
          [106.7802, -6.2862],
          [106.78023, -6.28605],
          [106.78022, -6.28506],
          [106.78016, -6.28399],
          [106.78014, -6.28304],
          [106.78016, -6.28238],
          [106.78018, -6.28214],
          [106.7804, -6.28103],
          [106.78056, -6.28046],
          [106.78048, -6.28038],
          [106.78045, -6.28034],
          [106.78042, -6.28023],
          [106.78042, -6.28015],
          [106.78046, -6.28004],
          [106.78053, -6.27996],
          [106.78063, -6.27991],
          [106.78068, -6.2799],
          [106.78079, -6.2799],
          [106.78146, -6.2777],
          [106.78207, -6.27539],
          [106.78264, -6.27317],
          [106.78317, -6.27117],
          [106.78346, -6.27018],
          [106.78356, -6.26969],
          [106.7836, -6.26918],
          [106.78356, -6.26723],
          [106.78356, -6.267225],
          [106.78356, -6.26723],
          [106.78355, -6.26551],
          [106.7835, -6.26543],
          [106.78344, -6.26341],
          [106.7834, -6.26327],
          [106.7833, -6.263],
          [106.78312, -6.26275],
          [106.78291, -6.26253],
          [106.78263, -6.2623],
          [106.78242, -6.26208],
          [106.7822, -6.26176],
          [106.78202, -6.26135],
          [106.78181, -6.26071],
          [106.78176, -6.26029],
          [106.78174, -6.25989],
          [106.78165, -6.257],
          [106.78165, -6.256998],
          [106.78165, -6.257],
          [106.78162, -6.25617],
          [106.78163, -6.25486],
          [106.7816, -6.25335],
          [106.78157, -6.25269],
          [106.78157, -6.252689],
          [106.78154, -6.25162],
          [106.78148, -6.25089],
          [106.78142, -6.25041],
          [106.78128, -6.24974],
          [106.78119, -6.24931],
          [106.78115, -6.24865],
          [106.78116, -6.24813],
          [106.78121, -6.24771],
          [106.78126, -6.24744],
          [106.78141, -6.24686],
          [106.78182, -6.24568],
          [106.78214, -6.24484],
          [106.78241, -6.24399],
          [106.78258, -6.24314],
          [106.78278, -6.24083],
          [106.78279, -6.24051],
          [106.78284, -6.23981],
          [106.78293, -6.23916],
          [106.78299, -6.23879],
          [106.78304, -6.23864],
          [106.78317, -6.23834],
          [106.783172, -6.238336],
          [106.78317, -6.23834],
          [106.78362, -6.23729],
          [106.78372, -6.23698],
          [106.78411, -6.23615],
          [106.78433, -6.23581],
          [106.78449, -6.23561],
          [106.78482, -6.23524],
          [106.78526, -6.23481],
          [106.78535, -6.23476],
          [106.78556, -6.23457],
          [106.78644, -6.2339],
          [106.786444, -6.233897],
          [106.78644, -6.2339],
          [106.7868, -6.23364],
          [106.78765, -6.2331],
          [106.78807, -6.23272],
          [106.78827, -6.2325],
          [106.78966, -6.23059],
          [106.79016, -6.22992],
          [106.79038, -6.22952],
          [106.79058, -6.22914],
          [106.79065, -6.22877],
          [106.79064, -6.22859],
          [106.79061, -6.22842],
          [106.79054, -6.22821],
          [106.79044, -6.22807],
          [106.78991, -6.2275],
          [106.78781, -6.22559],
          [106.78718, -6.22504],
          [106.78664, -6.22451],
          [106.78641, -6.22422],
          [106.78556, -6.22323],
          [106.7852, -6.22279],
          [106.7851, -6.22269],
          [106.78433, -6.22215],
          [106.78366, -6.22175],
          [106.783214, -6.221502],
          [106.78321, -6.2215],
          [106.78279, -6.22126],
          [106.77951, -6.21955],
          [106.77844, -6.21901],
          [106.77793, -6.21872],
          [106.77757, -6.21845],
          [106.777569, -6.218449],
          [106.77592, -6.21725],
          [106.77535, -6.21671],
          [106.77479, -6.21625],
          [106.77435, -6.21586],
          [106.77381, -6.21535],
          [106.77314, -6.21463],
          [106.77263, -6.21385],
          [106.772192, -6.212973],
          [106.77219, -6.21297],
          [106.77169, -6.21196],
          [106.77149, -6.2115],
          [106.77075, -6.20965],
          [106.77036, -6.2088],
          [106.77024, -6.20849],
          [106.77002, -6.20783],
          [106.76971, -6.20671],
          [106.76952, -6.20602],
          [106.76945, -6.20557],
          [106.769449, -6.205564],
          [106.76945, -6.20557],
          [106.76937, -6.20483],
          [106.76939, -6.20429],
          [106.76933, -6.20333],
          [106.76933, -6.20298],
          [106.76907, -6.20126],
          [106.76899, -6.20022],
          [106.76895, -6.19956],
          [106.76892, -6.19895],
          [106.76891, -6.19799],
          [106.76887, -6.19663],
          [106.76883, -6.19599],
          [106.76881, -6.19432],
          [106.76881, -6.194311],
          [106.76881, -6.19432],
          [106.7688, -6.19274],
          [106.76872, -6.19174],
          [106.76875, -6.19164],
          [106.7688, -6.19129],
          [106.76881, -6.19061],
          [106.76867, -6.18883],
          [106.76858, -6.18835],
          [106.76849, -6.18797],
          [106.76846, -6.18736],
          [106.76847, -6.18611],
          [106.76843, -6.18563],
          [106.76837, -6.18528],
          [106.76829, -6.18502],
          [106.76818, -6.18472],
          [106.7673, -6.18245],
          [106.76706, -6.1817],
          [106.76656, -6.17996],
          [106.76644, -6.17948],
          [106.76624, -6.1782],
          [106.7658, -6.17451],
          [106.765799, -6.174504],
          [106.7658, -6.17451],
          [106.76554, -6.17272],
          [106.76502, -6.17038],
          [106.76496, -6.17018],
          [106.76461, -6.16929],
          [106.76361, -6.16745],
          [106.76342, -6.16705],
          [106.76326, -6.16666],
          [106.76319, -6.16642],
          [106.76306, -6.16567],
          [106.76297, -6.16496],
          [106.76295, -6.16444],
          [106.76295, -6.164433],
          [106.76295, -6.16444],
          [106.76294, -6.1639],
          [106.76295, -6.16214],
          [106.76298, -6.16],
          [106.76305, -6.15837],
          [106.76323, -6.15835],
          [106.76414, -6.15835],
          [106.7646, -6.15829],
          [106.76513, -6.15811],
          [106.7657, -6.15787],
          [106.76635, -6.15757],
          [106.76657, -6.15751],
          [106.76675, -6.15749],
          [106.76699, -6.15749],
          [106.76725, -6.15757],
          [106.76746, -6.15769],
          [106.767916, -6.157976],
          [106.768338, -6.158245],
          [106.76833, -6.15826],
          [106.76865, -6.15853],
          [106.76878, -6.15868],
          [106.76893, -6.15892],
          [106.76899, -6.15904],
          [106.768991, -6.159042],
          [106.76904, -6.15914],
          [106.7695, -6.16043],
          [106.76965, -6.16083],
          [106.76982, -6.16108],
          [106.77004, -6.16125],
          [106.77021, -6.16134],
          [106.77244, -6.16222],
          [106.77395, -6.16279],
          [106.775131, -6.16327],
          [106.7783, -6.16452],
          [106.77878, -6.16469],
          [106.77918, -6.16482],
          [106.77928, -6.16485],
          [106.77958, -6.16487],
          [106.78094, -6.16482],
          [106.78122, -6.16485],
          [106.78188, -6.165],
          [106.7831, -6.16525],
          [106.78487, -6.16559],
          [106.78497, -6.16562],
          [106.78597, -6.16619],
          [106.78621, -6.1663],
          [106.78643, -6.16638],
          [106.786582, -6.166423],
          [106.78658, -6.16642],
          [106.78734, -6.16659],
          [106.7881, -6.16671],
          [106.7887, -6.16677],
          [106.78937, -6.16673],
          [106.78953, -6.16666],
          [106.78961, -6.16658],
          [106.78965, -6.16653],
          [106.78966, -6.16648],
          [106.78967, -6.16637],
          [106.78963, -6.16626],
          [106.78958, -6.16621],
          [106.78947, -6.16612],
          [106.78935, -6.16607],
          [106.78921, -6.16606],
          [106.78909, -6.16609],
          [106.78898, -6.16616],
          [106.78887, -6.16627],
          [106.78867, -6.16661],
          [106.78853, -6.16702],
          [106.78843, -6.16745],
          [106.78835, -6.16793],
          [106.78834, -6.16843],
          [106.78835, -6.16906],
          [106.7884, -6.16939],
          [106.78855, -6.17019],
          [106.78865, -6.17051],
          [106.78889, -6.17113],
          [106.78942, -6.17215],
          [106.79018, -6.17297],
          [106.79197, -6.17479],
          [106.79212, -6.17487],
          [106.79265, -6.17533],
          [106.79308, -6.17573],
          [106.793082, -6.175732],
          [106.79308, -6.17573],
          [106.79353, -6.17617],
          [106.79378, -6.17644],
          [106.79497, -6.17753],
          [106.79538, -6.17798],
          [106.79588, -6.17861],
          [106.79624, -6.17924],
          [106.79656, -6.1791],
          [106.79678, -6.17898],
          [106.79774, -6.17852],
          [106.79868, -6.17795],
          [106.800325, -6.176806],
          [106.80032, -6.17681],
          [106.80261, -6.17514],
          [106.80424, -6.17429],
          [106.80445, -6.17417],
          [106.80677, -6.1725],
          [106.80789, -6.17173],
          [106.80827, -6.17152],
          [106.80863, -6.17135],
          [106.8101, -6.17108],
          [106.810105, -6.171079],
          [106.8101, -6.17108],
          [106.81082, -6.17094],
          [106.81111, -6.17091],
          [106.81475, -6.17026],
          [106.81697, -6.16991],
          [106.816972, -6.16991],
          [106.81735, -6.16985],
          [106.81824, -6.16965],
          [106.81876, -6.16952],
          [106.81905, -6.1694],
          [106.81921, -6.16929],
          [106.81938, -6.1691],
          [106.81969, -6.1687],
          [106.81983, -6.16855],
          [106.82047, -6.16792],
          [106.82069, -6.16766],
          [106.82093, -6.16733],
          [106.82103, -6.16729],
          [106.8212, -6.16725],
          [106.82222, -6.16729],
          [106.82362, -6.16714],
          [106.82536, -6.167],
          [106.82559, -6.167],
          [106.82674, -6.16718],
          [106.828229, -6.1675],
          [106.82926, -6.16773],
          [106.8303, -6.16799],
          [106.83062, -6.16798],
          [106.83089, -6.16794],
          [106.830903, -6.167939],
          [106.8309, -6.16794],
          [106.831, -6.16793],
          [106.83169, -6.16775],
          [106.83191, -6.16757],
          [106.83202, -6.16747],
          [106.8323, -6.1673],
          [106.8345, -6.16611],
          [106.8346, -6.16609],
          [106.83468, -6.16611],
          [106.83481, -6.16617]
        ]
      }
    },
    {
      "type": "Feature",
      "properties": {
        "system": "transjakarta",
        "name": "Koridor 9 Pinang Ranti \u2013 Pluit",
        "id": "tj-9"
      },
      "geometry": {
        "type": "LineString",
        "coordinates": [
          [106.886307, -6.291126],
          [106.88627, -6.29094],
          [106.88603, -6.29098],
          [106.88494, -6.29106],
          [106.88482, -6.29103],
          [106.88429, -6.29084],
          [106.88395, -6.29073],
          [106.88324, -6.29054],
          [106.88214, -6.29035],
          [106.88204, -6.29038],
          [106.88193, -6.29037],
          [106.88173, -6.29033],
          [106.88165, -6.29027],
          [106.881169, -6.290191],
          [106.88116, -6.29021],
          [106.88094, -6.29016],
          [106.88075, -6.2901],
          [106.88051, -6.29011],
          [106.88036, -6.28964],
          [106.88018, -6.28915],
          [106.88007, -6.28891],
          [106.88003, -6.28883],
          [106.87994, -6.28875],
          [106.87983, -6.28869],
          [106.87972, -6.28867],
          [106.8796, -6.28868],
          [106.87806, -6.28931],
          [106.87777, -6.28941],
          [106.87764, -6.28942],
          [106.8775, -6.2894],
          [106.87736, -6.28936],
          [106.87715, -6.28925],
          [106.87704, -6.28957],
          [106.87704, -6.28963],
          [106.87707, -6.28969],
          [106.87712, -6.28974],
          [106.87773, -6.29002],
          [106.87789, -6.29008],
          [106.87806, -6.29011],
          [106.8782, -6.2901],
          [106.87832, -6.29006],
          [106.87842, -6.29],
          [106.87852, -6.2899],
          [106.87858, -6.28978],
          [106.87861, -6.28967],
          [106.87861, -6.28956],
          [106.87857, -6.28941],
          [106.87814, -6.28842],
          [106.87787, -6.28793],
          [106.87759, -6.28738],
          [106.87724, -6.28645],
          [106.87689, -6.28525],
          [106.87676, -6.28471],
          [106.87485, -6.2802],
          [106.87363, -6.27708],
          [106.87331, -6.27607],
          [106.873, -6.27493],
          [106.87293, -6.27484],
          [106.87285, -6.27464],
          [106.8726, -6.27331],
          [106.87248, -6.27228],
          [106.87243, -6.27132],
          [106.87246, -6.26896],
          [106.87244, -6.26862],
          [106.87223, -6.26742],
          [106.87221, -6.26698],
          [106.87225, -6.26646],
          [106.8723, -6.26619],
          [106.87236, -6.26597],
          [106.87266, -6.26507],
          [106.87271, -6.26489],
          [106.87276, -6.26452],
          [106.87296, -6.26123],
          [106.87303, -6.25988],
          [106.87301, -6.25938],
          [106.87297, -6.25895],
          [106.87292, -6.25866],
          [106.87249, -6.25689],
          [106.87239, -6.25669],
          [106.87225, -6.25647],
          [106.87208, -6.25628],
          [106.87193, -6.25615],
          [106.87161, -6.25593],
          [106.87134, -6.25567],
          [106.87129, -6.25554],
          [106.8713, -6.25548],
          [106.87154, -6.25476],
          [106.87153, -6.25473],
          [106.87147, -6.25468],
          [106.87203, -6.25314],
          [106.87224, -6.25264],
          [106.87256, -6.25195],
          [106.87301, -6.25114],
          [106.87354, -6.25014],
          [106.873543, -6.250134],
          [106.87368, -6.24983],
          [106.87372, -6.249669],
          [106.87372, -6.24968],
          [106.87382, -6.2494],
          [106.874591, -6.247601],
          [106.874431, -6.247287],
          [106.87386, -6.2469],
          [106.87355, -6.24674],
          [106.873323, -6.246641],
          [106.87332, -6.24664],
          [106.87268, -6.24642],
          [106.871171, -6.24598],
          [106.87117, -6.24598],
          [106.87056, -6.24579],
          [106.87038, -6.2457],
          [106.87012, -6.24556],
          [106.8697, -6.24526],
          [106.86928, -6.24502],
          [106.86871, -6.24478],
          [106.86743, -6.2443],
          [106.86632, -6.24391],
          [106.86549, -6.24365],
          [106.86497, -6.2435],
          [106.86416, -6.24336],
          [106.863558, -6.243321],
          [106.86355, -6.24332],
          [106.86319, -6.24331],
          [106.86121, -6.24335],
          [106.86094, -6.24334],
          [106.86059, -6.2434],
          [106.86018, -6.24344],
          [106.85933, -6.24345],
          [106.858186, -6.24343],
          [106.85818, -6.24343],
          [106.85685, -6.24339],
          [106.85532, -6.24339],
          [106.85381, -6.2434],
          [106.85285, -6.24342],
          [106.852145, -6.24343],
          [106.85214, -6.24343],
          [106.85138, -6.24344],
          [106.84956, -6.24355],
          [106.84691, -6.24368],
          [106.84657, -6.24371],
          [106.84604, -6.24372],
          [106.8446, -6.24363],
          [106.84427, -6.24362],
          [106.843822, -6.2436],
          [106.84382, -6.2436],
          [106.84322, -6.24354],
          [106.843, -6.2435],
          [106.84228, -6.24324],
          [106.84155, -6.24293],
          [106.84118, -6.24282],
          [106.8405, -6.24265],
          [106.83902, -6.2422],
          [106.83791, -6.241969],
          [106.83792, -6.24193],
          [106.83759, -6.24184],
          [106.83713, -6.24171],
          [106.83425, -6.24102],
          [106.83346, -6.24081],
          [106.833, -6.24066],
          [106.8322, -6.24022],
          [106.83185, -6.24001],
          [106.8311, -6.2395],
          [106.83102, -6.23946],
          [106.83079, -6.23933],
          [106.8302, -6.23892],
          [106.82984, -6.23868],
          [106.82949, -6.23842],
          [106.82785, -6.23737],
          [106.827847, -6.237368],
          [106.82491, -6.23548],
          [106.8244, -6.23519],
          [106.82362, -6.23468],
          [106.82333, -6.23454],
          [106.82281, -6.23421],
          [106.82245, -6.23394],
          [106.82182, -6.23337],
          [106.82138, -6.23291],
          [106.82123, -6.23272],
          [106.8209, -6.23228],
          [106.8204, -6.23157],
          [106.81893, -6.22939],
          [106.817561, -6.227391],
          [106.81678, -6.2263],
          [106.81576, -6.22476],
          [106.81536, -6.22421],
          [106.81492, -6.22359],
          [106.81445, -6.22284],
          [106.81409, -6.22232],
          [106.81409, -6.22232],
          [106.8126, -6.22012],
          [106.81107, -6.21793],
          [106.81043, -6.21692],
          [106.8091, -6.21505],
          [106.80879, -6.21457],
          [106.80839, -6.21399],
          [106.80804, -6.21352],
          [106.80738, -6.21288],
          [106.80711, -6.21266],
          [106.80684, -6.21241],
          [106.80669, -6.21221],
          [106.80645, -6.21186],
          [106.80589, -6.21093],
          [106.80557, -6.21052],
          [106.80505, -6.20996],
          [106.80448, -6.20924],
          [106.80383, -6.20851],
          [106.80311, -6.20766],
          [106.80205, -6.20642],
          [106.80136, -6.20545],
          [106.80111, -6.20501],
          [106.79962, -6.20202],
          [106.799618, -6.202016],
          [106.79946, -6.20167],
          [106.79905, -6.20095],
          [106.799, -6.20057],
          [106.79859, -6.19982],
          [106.79832, -6.19914],
          [106.79809, -6.19845],
          [106.79808, -6.19838],
          [106.79812, -6.1983],
          [106.79779, -6.19724],
          [106.79747, -6.19595],
          [106.79736, -6.19545],
          [106.79725, -6.19472],
          [106.79715, -6.1931],
          [106.79714, -6.19224],
          [106.79708, -6.19212],
          [106.79707, -6.19206],
          [106.79694, -6.19095],
          [106.7969, -6.19075],
          [106.7969, -6.18994],
          [106.79687, -6.189913],
          [106.79687, -6.18992],
          [106.79674, -6.18678],
          [106.79667, -6.18471],
          [106.79665, -6.18452],
          [106.796649, -6.184514],
          [106.79665, -6.18452],
          [106.79661, -6.18405],
          [106.79654, -6.1823],
          [106.79641, -6.18128],
          [106.79636, -6.18109],
          [106.79621, -6.18072],
          [106.79597, -6.1803],
          [106.7958, -6.18005],
          [106.79527, -6.17894],
          [106.79497, -6.17848],
          [106.79465, -6.17791],
          [106.79399, -6.17727],
          [106.79333, -6.17668],
          [106.79265, -6.17605],
          [106.79222, -6.17567],
          [106.792219, -6.175669],
          [106.79222, -6.17567],
          [106.79124, -6.17481],
          [106.79082, -6.17447],
          [106.78971, -6.17364],
          [106.7894, -6.17336],
          [106.78928, -6.17321],
          [106.78883, -6.17254],
          [106.7886, -6.17218],
          [106.78834, -6.17171],
          [106.78813, -6.17123],
          [106.78789, -6.1705],
          [106.78776, -6.17002],
          [106.78769, -6.16946],
          [106.78765, -6.16875],
          [106.78766, -6.16819],
          [106.78765, -6.16758],
          [106.78766, -6.16743],
          [106.78767, -6.16739],
          [106.78774, -6.16707],
          [106.78804, -6.1663],
          [106.78826, -6.16582],
          [106.78876, -6.16459],
          [106.7894, -6.16315],
          [106.78973, -6.16232],
          [106.79029, -6.16107],
          [106.790292, -6.161066],
          [106.79029, -6.16107],
          [106.79061, -6.16031],
          [106.79243, -6.15616],
          [106.79324, -6.15438],
          [106.79345, -6.154],
          [106.79353, -6.15391],
          [106.79423, -6.15348],
          [106.79496, -6.15294],
          [106.79507, -6.15281],
          [106.79509, -6.15273],
          [106.79508, -6.15265],
          [106.79479, -6.15206],
          [106.794786, -6.152053],
          [106.79479, -6.15206],
          [106.79451, -6.1515],
          [106.79436, -6.15117],
          [106.79428, -6.15037],
          [106.79421, -6.1493],
          [106.79394, -6.14754],
          [106.79372, -6.14623],
          [106.79367, -6.14581],
          [106.79345, -6.14329],
          [106.793449, -6.143284],
          [106.79345, -6.14329],
          [106.79332, -6.14183],
          [106.79293, -6.13711],
          [106.79278, -6.13571],
          [106.7927, -6.1351],
          [106.79266, -6.13457],
          [106.79259, -6.13402],
          [106.79258, -6.1336],
          [106.79255, -6.1334],
          [106.79255, -6.133396],
          [106.79255, -6.1334],
          [106.79246, -6.13255],
          [106.79237, -6.13143],
          [106.79198, -6.12731],
          [106.79186, -6.12633],
          [106.791859, -6.126323],
          [106.79186, -6.12633],
          [106.7918, -6.1258],
          [106.79173, -6.12539],
          [106.79171, -6.12482],
          [106.79163, -6.11774],
          [106.791407, -6.11774],
          [106.7914, -6.11774],
          [106.78983, -6.11777],
          [106.787691, -6.117778],
          [106.78769, -6.11778],
          [106.78629, -6.1178],
          [106.78459, -6.1178],
          [106.78457, -6.11772],
          [106.78458, -6.11755],
          [106.78481, -6.11603],
          [106.78485, -6.11585],
          [106.78496, -6.1158],
          [106.78518, -6.11578],
          [106.7868, -6.11574],
          [106.79109, -6.11571]
        ]
      }
    }
  ]
}
